video_name,cycle_index,aligned_phase_index,original_phase_index,phase_zero_source_phase_index,phase_zero_match_score,keyframe_ncc_score,keyframe_ncc_margin,keyframe_frame_index,keyframe_cycle_start,keyframe_cycle_end,keyframe_candidate_count,phase_selection_method,export_path,lapbar_mask_path,bottle_mask_path,datum_mask_path,lapbar_x_from_datum,lapbar_y_from_datum,bottle_x_from_datum,bottle_y_from_datum,datum_x_from_frame,datum_y_from_frame,bottle_roi_count,bottle_measurement_valid,bottle_middle_roi_full_size,bottle_minus_datum_x,bottle_minus_datum_y,bottle_from_datum_euclidean,lapbar_minus_datum_x,lapbar_minus_datum_y,lapbar_from_datum_euclidean
cortexvpu-01a-005-41884872_2026-06-19_17-35-41_933333_clip.ts,0,3,1,8,0.9463894367218018,0.9463894367218018,,,,,,phase_zero_alignment,c:\Users\TimKitchen\OneDrive\OneDrive - PurpleSector\03 Project Specific Documents\24H_INSIGHTS\24H_Insights\measurements\phase_aware_position_output\frames\phase_exports\phase_03__cortexvpu-01a-005-41884872_2026-06-19_17-35-41_933333_clip__cycle_0000__original_phase_01__sample_000.png,c:\Users\TimKitchen\OneDrive\OneDrive - PurpleSector\03 Project Specific Documents\24H_INSIGHTS\24H_Insights\measurements\phase_aware_position_output\masks\pitwall\phase_03__cortexvpu-01a-005-41884872_2026-06-19_17-35-41_933333_clip__cycle_0000__original_phase_01__sample_000__lapbar_mask.png,c:\Users\TimKitchen\OneDrive\OneDrive - PurpleSector\03 Project Specific Documents\24H_INSIGHTS\24H_Insights\measurements\phase_aware_position_output\masks\pitwall\phase_03__cortexvpu-01a-005-41884872_2026-06-19_17-35-41_933333_clip__cycle_0000__original_phase_01__sample_000__bottle_mask.png,c:\Users\TimKitchen\OneDrive\OneDrive - PurpleSector\03 Project Specific Documents\24H_INSIGHTS\24H_Insights\measurements\phase_aware_position_output\masks\pitwall\phase_03__cortexvpu-01a-005-41884872_2026-06-19_17-35-41_933333_clip__cycle_0000__original_phase_01__sample_000__datum_mask.png,1455.0,278.0,966.0792236328125,263.7748107910156,1083.5,68.0,3.0,True,True,-117.4207763671875,195.77481079101562,228.28800945939108,371.5,210.0,426.74611890443714
cortexvpu-01a-005-41884872_2026-06-19_17-35-41_933333_clip.ts,1,3,1,8,0.9463894367218018,0.9463894367218018,,,,,,phase_zero_alignment,c:\Users\TimKitchen\OneDrive\OneDrive - PurpleSector\03 Project Specific Documents\24H_INSIGHTS\24H_Insights\measurements\phase_aware_position_output\frames\phase_exports\phase_03__cortexvpu-01a-005-41884872_2026-06-19_17-35-41_933333_clip__cycle_0001__original_phase_01__sample_001.png,c:\Users\TimKitchen\OneDrive\OneDrive - PurpleSector\03 Project Specific Documents\24H_INSIGHTS\24H_Insights\measurements\phase_aware_position_output\masks\pitwall\phase_03__cortexvpu-01a-005-41884872_2026-06-19_17-35-41_933333_clip__cycle_0001__original_phase_01__sample_001__lapbar_mask.png,c:\Users\TimKitchen\OneDrive\OneDrive - PurpleSector\03 Project Specific Documents\24H_INSIGHTS\24H_Insights\measurements\phase_aware_position_output\masks\pitwall\phase_03__cortexvpu-01a-005-41884872_2026-06-19_17-35-41_933333_clip__cycle_0001__original_phase_01__sample_001__bottle_mask.png,c:\Users\TimKitchen\OneDrive\OneDrive - PurpleSector\03 Project Specific Documents\24H_INSIGHTS\24H_Insights\measurements\phase_aware_position_output\masks\pitwall\phase_03__cortexvpu-01a-005-41884872_2026-06-19_17-35-41_933333_clip__cycle_0001__original_phase_01__sample_001__datum_mask.png,1349.0,259.0,981.6600341796875,275.3800048828125,1083.5,68.0,6.0,True,True,-101.8399658203125,207.3800048828125,231.03645829928607,265.5,191.0,327.0645960662817
cortexvpu-01a-005-41884872_2026-06-19_17-35-41_933333_clip.ts,2,3,1,8,0.9463894367218018,0.9463894367218018,,,,,,phase_zero_alignment,c:\Users\TimKitchen\OneDrive\OneDrive - PurpleSector\03 Project Specific Documents\24H_INSIGHTS\24H_Insights\measurements\phase_aware_position_output\frames\phase_exports\phase_03__cortexvpu-01a-005-41884872_2026-06-19_17-35-41_933333_clip__cycle_0002__original_phase_01__sample_002.png,c:\Users\TimKitchen\OneDrive\OneDrive - PurpleSector\03 Project Specific Documents\24H_INSIGHTS\24H_Insights\measurements\phase_aware_position_output\masks\pitwall\phase_03__cortexvpu-01a-005-41884872_2026-06-19_17-35-41_933333_clip__cycle_0002__original_phase_01__sample_002__lapbar_mask.png,c:\Users\TimKitchen\OneDrive\OneDrive - PurpleSector\03 Project Specific Documents\24H_INSIGHTS\24H_Insights\measurements\phase_aware_position_output\masks\pitwall\phase_03__cortexvpu-01a-005-41884872_2026-06-19_17-35-41_933333_clip__cycle_0002__original_phase_01__sample_002__bottle_mask.png,c:\Users\TimKitchen\OneDrive\OneDrive - PurpleSector\03 Project Specific Documents\24H_INSIGHTS\24H_Insights\measurements\phase_aware_position_output\masks\pitwall\phase_03__cortexvpu-01a-005-41884872_2026-06-19_17-35-41_933333_clip__cycle_0002__original_phase_01__sample_002__datum_mask.png,1487.0,259.0,,,1083.5,68.0,3.0,False,False,,,,403.5,191.0,446.42272567601213
cortexvpu-01a-005-41884872_2026-06-19_17-35-41_933333_clip.ts,3,3,1,8,0.9463894367218018,0.9463894367218018,,,,,,phase_zero_alignment,c:\Users\TimKitchen\OneDrive\OneDrive - PurpleSector\03 Project Specific Documents\24H_INSIGHTS\24H_Insights\measurements\phase_aware_position_output\frames\phase_exports\phase_03__cortexvpu-01a-005-41884872_2026-06-19_17-35-41_933333_clip__cycle_0003__original_phase_01__sample_003.png,c:\Users\TimKitchen\OneDrive\OneDrive - PurpleSector\03 Project Specific Documents\24H_INSIGHTS\24H_Insights\measurements\phase_aware_position_output\masks\pitwall\phase_03__cortexvpu-01a-005-41884872_2026-06-19_17-35-41_933333_clip__cycle_0003__original_phase_01__sample_003__lapbar_mask.png,c:\Users\TimKitchen\OneDrive\OneDrive - PurpleSector\03 Project Specific Documents\24H_INSIGHTS\24H_Insights\measurements\phase_aware_position_output\masks\pitwall\phase_03__cortexvpu-01a-005-41884872_2026-06-19_17-35-41_933333_clip__cycle_0003__original_phase_01__sample_003__bottle_mask.png,c:\Users\TimKitchen\OneDrive\OneDrive - PurpleSector\03 Project Specific Documents\24H_INSIGHTS\24H_Insights\measurements\phase_aware_position_output\masks\pitwall\phase_03__cortexvpu-01a-005-41884872_2026-06-19_17-35-41_933333_clip__cycle_0003__original_phase_01__sample_003__datum_mask.png,1503.0,271.0,997.9489135742188,260.6094970703125,1083.5,68.0,3.0,True,True,-85.55108642578125,192.6094970703125,210.7543754001568,419.5,203.0,466.03567460013187
cortexvpu-01a-005-41884872_2026-06-19_17-35-41_933333_clip.ts,4,3,1,8,0.9463894367218018,0.9463894367218018,,,,,,phase_zero_alignment,c:\Users\TimKitchen\OneDrive\OneDrive - PurpleSector\03 Project Specific Documents\24H_INSIGHTS\24H_Insights\measurements\phase_aware_position_output\frames\phase_exports\phase_03__cortexvpu-01a-005-41884872_2026-06-19_17-35-41_933333_clip__cycle_0004__original_phase_01__sample_004.png,c:\Users\TimKitchen\OneDrive\OneDrive - PurpleSector\03 Project Specific Documents\24H_INSIGHTS\24H_Insights\measurements\phase_aware_position_output\masks\pitwall\phase_03__cortexvpu-01a-005-41884872_2026-06-19_17-35-41_933333_clip__cycle_0004__original_phase_01__sample_004__lapbar_mask.png,c:\Users\TimKitchen\OneDrive\OneDrive - PurpleSector\03 Project Specific Documents\24H_INSIGHTS\24H_Insights\measurements\phase_aware_position_output\masks\pitwall\phase_03__cortexvpu-01a-005-41884872_2026-06-19_17-35-41_933333_clip__cycle_0004__original_phase_01__sample_004__bottle_mask.png,c:\Users\TimKitchen\OneDrive\OneDrive - PurpleSector\03 Project Specific Documents\24H_INSIGHTS\24H_Insights\measurements\phase_aware_position_output\masks\pitwall\phase_03__cortexvpu-01a-005-41884872_2026-06-19_17-35-41_933333_clip__cycle_0004__original_phase_01__sample_004__datum_mask.png,1471.0,275.0,972.9544677734375,265.739990234375,1083.5,68.0,5.0,True,True,-110.5455322265625,197.739990234375,226.54231047012982,387.5,207.0,439.3236278644708
cortexvpu-01a-005-41884872_2026-06-19_17-35-41_933333_clip.ts,5,3,1,8,0.9463894367218018,0.9463894367218018,,,,,,phase_zero_alignment,c:\Users\TimKitchen\OneDrive\OneDrive - PurpleSector\03 Project Specific Documents\24H_INSIGHTS\24H_Insights\measurements\phase_aware_position_output\frames\phase_exports\phase_03__cortexvpu-01a-005-41884872_2026-06-19_17-35-41_933333_clip__cycle_0005__original_phase_01__sample_005.png,c:\Users\TimKitchen\OneDrive\OneDrive - PurpleSector\03 Project Specific Documents\24H_INSIGHTS\24H_Insights\measurements\phase_aware_position_output\masks\pitwall\phase_03__cortexvpu-01a-005-41884872_2026-06-19_17-35-41_933333_clip__cycle_0005__original_phase_01__sample_005__lapbar_mask.png,c:\Users\TimKitchen\OneDrive\OneDrive - PurpleSector\03 Project Specific Documents\24H_INSIGHTS\24H_Insights\measurements\phase_aware_position_output\masks\pitwall\phase_03__cortexvpu-01a-005-41884872_2026-06-19_17-35-41_933333_clip__cycle_0005__original_phase_01__sample_005__bottle_mask.png,c:\Users\TimKitchen\OneDrive\OneDrive - PurpleSector\03 Project Specific Documents\24H_INSIGHTS\24H_Insights\measurements\phase_aware_position_output\masks\pitwall\phase_03__cortexvpu-01a-005-41884872_2026-06-19_17-35-41_933333_clip__cycle_0005__original_phase_01__sample_005__datum_mask.png,1383.0,278.0,,,1083.5,68.0,6.0,False,False,,,,299.5,210.0,365.7871648923729
cortexvpu-01a-005-41884872_2026-06-19_17-35-41_933333_clip.ts,6,3,1,8,0.9463894367218018,0.9463894367218018,,,,,,phase_zero_alignment,c:\Users\TimKitchen\OneDrive\OneDrive - PurpleSector\03 Project Specific Documents\24H_INSIGHTS\24H_Insights\measurements\phase_aware_position_output\frames\phase_exports\phase_03__cortexvpu-01a-005-41884872_2026-06-19_17-35-41_933333_clip__cycle_0006__original_phase_01__sample_006.png,c:\Users\TimKitchen\OneDrive\OneDrive - PurpleSector\03 Project Specific Documents\24H_INSIGHTS\24H_Insights\measurements\phase_aware_position_output\masks\pitwall\phase_03__cortexvpu-01a-005-41884872_2026-06-19_17-35-41_933333_clip__cycle_0006__original_phase_01__sample_006__lapbar_mask.png,c:\Users\TimKitchen\OneDrive\OneDrive - PurpleSector\03 Project Specific Documents\24H_INSIGHTS\24H_Insights\measurements\phase_aware_position_output\masks\pitwall\phase_03__cortexvpu-01a-005-41884872_2026-06-19_17-35-41_933333_clip__cycle_0006__original_phase_01__sample_006__bottle_mask.png,c:\Users\TimKitchen\OneDrive\OneDrive - PurpleSector\03 Project Specific Documents\24H_INSIGHTS\24H_Insights\measurements\phase_aware_position_output\masks\pitwall\phase_03__cortexvpu-01a-005-41884872_2026-06-19_17-35-41_933333_clip__cycle_0006__original_phase_01__sample_006__datum_mask.png,1471.0,273.0,972.0343627929688,266.016845703125,1083.5,68.0,3.0,True,True,-111.46563720703125,198.016845703125,227.23393113746178,387.5,205.0,438.38481953644333
cortexvpu-01a-005-41884872_2026-06-19_17-35-41_933333_clip.ts,7,3,1,8,0.9463894367218018,0.9463894367218018,,,,,,phase_zero_alignment,c:\Users\TimKitchen\OneDrive\OneDrive - PurpleSector\03 Project Specific Documents\24H_INSIGHTS\24H_Insights\measurements\phase_aware_position_output\frames\phase_exports\phase_03__cortexvpu-01a-005-41884872_2026-06-19_17-35-41_933333_clip__cycle_0007__original_phase_01__sample_007.png,c:\Users\TimKitchen\OneDrive\OneDrive - PurpleSector\03 Project Specific Documents\24H_INSIGHTS\24H_Insights\measurements\phase_aware_position_output\masks\pitwall\phase_03__cortexvpu-01a-005-41884872_2026-06-19_17-35-41_933333_clip__cycle_0007__original_phase_01__sample_007__lapbar_mask.png,c:\Users\TimKitchen\OneDrive\OneDrive - PurpleSector\03 Project Specific Documents\24H_INSIGHTS\24H_Insights\measurements\phase_aware_position_output\masks\pitwall\phase_03__cortexvpu-01a-005-41884872_2026-06-19_17-35-41_933333_clip__cycle_0007__original_phase_01__sample_007__bottle_mask.png,c:\Users\TimKitchen\OneDrive\OneDrive - PurpleSector\03 Project Specific Documents\24H_INSIGHTS\24H_Insights\measurements\phase_aware_position_output\masks\pitwall\phase_03__cortexvpu-01a-005-41884872_2026-06-19_17-35-41_933333_clip__cycle_0007__original_phase_01__sample_007__datum_mask.png,1495.0,278.0,990.1544799804688,264.15545654296875,1083.5,68.0,4.0,True,True,-93.34552001953125,196.15545654296875,217.23339807519747,411.5,210.0,461.98728337476996
cortexvpu-01a-005-41884872_2026-06-19_17-35-41_933333_clip.ts,8,3,1,8,0.9463894367218018,0.9463894367218018,,,,,,phase_zero_alignment,c:\Users\TimKitchen\OneDrive\OneDrive - PurpleSector\03 Project Specific Documents\24H_INSIGHTS\24H_Insights\measurements\phase_aware_position_output\frames\phase_exports\phase_03__cortexvpu-01a-005-41884872_2026-06-19_17-35-41_933333_clip__cycle_0008__original_phase_01__sample_008.png,c:\Users\TimKitchen\OneDrive\OneDrive - PurpleSector\03 Project Specific Documents\24H_INSIGHTS\24H_Insights\measurements\phase_aware_position_output\masks\pitwall\phase_03__cortexvpu-01a-005-41884872_2026-06-19_17-35-41_933333_clip__cycle_0008__original_phase_01__sample_008__lapbar_mask.png,c:\Users\TimKitchen\OneDrive\OneDrive - PurpleSector\03 Project Specific Documents\24H_INSIGHTS\24H_Insights\measurements\phase_aware_position_output\masks\pitwall\phase_03__cortexvpu-01a-005-41884872_2026-06-19_17-35-41_933333_clip__cycle_0008__original_phase_01__sample_008__bottle_mask.png,c:\Users\TimKitchen\OneDrive\OneDrive - PurpleSector\03 Project Specific Documents\24H_INSIGHTS\24H_Insights\measurements\phase_aware_position_output\masks\pitwall\phase_03__cortexvpu-01a-005-41884872_2026-06-19_17-35-41_933333_clip__cycle_0008__original_phase_01__sample_008__datum_mask.png,1487.0,261.0,997.2716674804688,269.18865966796875,1083.5,68.0,4.0,True,True,-86.22833251953125,201.18865966796875,218.88856093476562,403.5,193.0,447.28206983960354
cortexvpu-01a-005-41884872_2026-06-19_17-35-41_933333_clip.ts,9,3,1,8,0.9463894367218018,0.9463894367218018,,,,,,phase_zero_alignment,c:\Users\TimKitchen\OneDrive\OneDrive - PurpleSector\03 Project Specific Documents\24H_INSIGHTS\24H_Insights\measurements\phase_aware_position_output\frames\phase_exports\phase_03__cortexvpu-01a-005-41884872_2026-06-19_17-35-41_933333_clip__cycle_0009__original_phase_01__sample_009.png,c:\Users\TimKitchen\OneDrive\OneDrive - PurpleSector\03 Project Specific Documents\24H_INSIGHTS\24H_Insights\measurements\phase_aware_position_output\masks\pitwall\phase_03__cortexvpu-01a-005-41884872_2026-06-19_17-35-41_933333_clip__cycle_0009__original_phase_01__sample_009__lapbar_mask.png,c:\Users\TimKitchen\OneDrive\OneDrive - PurpleSector\03 Project Specific Documents\24H_INSIGHTS\24H_Insights\measurements\phase_aware_position_output\masks\pitwall\phase_03__cortexvpu-01a-005-41884872_2026-06-19_17-35-41_933333_clip__cycle_0009__original_phase_01__sample_009__bottle_mask.png,c:\Users\TimKitchen\OneDrive\OneDrive - PurpleSector\03 Project Specific Documents\24H_INSIGHTS\24H_Insights\measurements\phase_aware_position_output\masks\pitwall\phase_03__cortexvpu-01a-005-41884872_2026-06-19_17-35-41_933333_clip__cycle_0009__original_phase_01__sample_009__datum_mask.png,1479.0,267.0,991.508056640625,262.94012451171875,1083.5,68.0,3.0,True,True,-91.991943359375,194.94012451171875,215.55549120279647,395.5,199.0,442.74287120178457
cortexvpu-01a-005-41884872_2026-06-19_17-35-41_933333_clip.ts,10,3,1,8,0.9463894367218018,0.9463894367218018,,,,,,phase_zero_alignment,c:\Users\TimKitchen\OneDrive\OneDrive - PurpleSector\03 Project Specific Documents\24H_INSIGHTS\24H_Insights\measurements\phase_aware_position_output\frames\phase_exports\phase_03__cortexvpu-01a-005-41884872_2026-06-19_17-35-41_933333_clip__cycle_0010__original_phase_01__sample_010.png,c:\Users\TimKitchen\OneDrive\OneDrive - PurpleSector\03 Project Specific Documents\24H_INSIGHTS\24H_Insights\measurements\phase_aware_position_output\masks\pitwall\phase_03__cortexvpu-01a-005-41884872_2026-06-19_17-35-41_933333_clip__cycle_0010__original_phase_01__sample_010__lapbar_mask.png,c:\Users\TimKitchen\OneDrive\OneDrive - PurpleSector\03 Project Specific Documents\24H_INSIGHTS\24H_Insights\measurements\phase_aware_position_output\masks\pitwall\phase_03__cortexvpu-01a-005-41884872_2026-06-19_17-35-41_933333_clip__cycle_0010__original_phase_01__sample_010__bottle_mask.png,c:\Users\TimKitchen\OneDrive\OneDrive - PurpleSector\03 Project Specific Documents\24H_INSIGHTS\24H_Insights\measurements\phase_aware_position_output\masks\pitwall\phase_03__cortexvpu-01a-005-41884872_2026-06-19_17-35-41_933333_clip__cycle_0010__original_phase_01__sample_010__datum_mask.png,1469.0,257.0,962.2869262695312,268.91119384765625,1083.5,68.0,4.0,True,True,-121.21307373046875,200.91119384765625,234.64423508042674,385.5,189.0,429.33815344085133
cortexvpu-01a-005-41884872_2026-06-19_17-35-41_933333_clip.ts,11,3,1,8,0.9463894367218018,0.9463894367218018,,,,,,phase_zero_alignment,c:\Users\TimKitchen\OneDrive\OneDrive - PurpleSector\03 Project Specific Documents\24H_INSIGHTS\24H_Insights\measurements\phase_aware_position_output\frames\phase_exports\phase_03__cortexvpu-01a-005-41884872_2026-06-19_17-35-41_933333_clip__cycle_0011__original_phase_01__sample_011.png,c:\Users\TimKitchen\OneDrive\OneDrive - PurpleSector\03 Project Specific Documents\24H_INSIGHTS\24H_Insights\measurements\phase_aware_position_output\masks\pitwall\phase_03__cortexvpu-01a-005-41884872_2026-06-19_17-35-41_933333_clip__cycle_0011__original_phase_01__sample_011__lapbar_mask.png,c:\Users\TimKitchen\OneDrive\OneDrive - PurpleSector\03 Project Specific Documents\24H_INSIGHTS\24H_Insights\measurements\phase_aware_position_output\masks\pitwall\phase_03__cortexvpu-01a-005-41884872_2026-06-19_17-35-41_933333_clip__cycle_0011__original_phase_01__sample_011__bottle_mask.png,c:\Users\TimKitchen\OneDrive\OneDrive - PurpleSector\03 Project Specific Documents\24H_INSIGHTS\24H_Insights\measurements\phase_aware_position_output\masks\pitwall\phase_03__cortexvpu-01a-005-41884872_2026-06-19_17-35-41_933333_clip__cycle_0011__original_phase_01__sample_011__datum_mask.png,1495.0,278.0,995.7808227539062,263.63348388671875,1083.5,68.0,8.0,True,True,-87.71917724609375,195.63348388671875,214.3994264786794,411.5,210.0,461.98728337476996
cortexvpu-01a-005-41884872_2026-06-19_17-35-41_933333_clip.ts,12,3,1,8,0.9463894367218018,0.9463894367218018,,,,,,phase_zero_alignment,c:\Users\TimKitchen\OneDrive\OneDrive - PurpleSector\03 Project Specific Documents\24H_INSIGHTS\24H_Insights\measurements\phase_aware_position_output\frames\phase_exports\phase_03__cortexvpu-01a-005-41884872_2026-06-19_17-35-41_933333_clip__cycle_0012__original_phase_01__sample_012.png,c:\Users\TimKitchen\OneDrive\OneDrive - PurpleSector\03 Project Specific Documents\24H_INSIGHTS\24H_Insights\measurements\phase_aware_position_output\masks\pitwall\phase_03__cortexvpu-01a-005-41884872_2026-06-19_17-35-41_933333_clip__cycle_0012__original_phase_01__sample_012__lapbar_mask.png,c:\Users\TimKitchen\OneDrive\OneDrive - PurpleSector\03 Project Specific Documents\24H_INSIGHTS\24H_Insights\measurements\phase_aware_position_output\masks\pitwall\phase_03__cortexvpu-01a-005-41884872_2026-06-19_17-35-41_933333_clip__cycle_0012__original_phase_01__sample_012__bottle_mask.png,c:\Users\TimKitchen\OneDrive\OneDrive - PurpleSector\03 Project Specific Documents\24H_INSIGHTS\24H_Insights\measurements\phase_aware_position_output\masks\pitwall\phase_03__cortexvpu-01a-005-41884872_2026-06-19_17-35-41_933333_clip__cycle_0012__original_phase_01__sample_012__datum_mask.png,1503.0,278.0,996.644287109375,265.43988037109375,1083.5,68.0,4.0,True,True,-86.855712890625,197.43988037109375,215.6998405717781,419.5,210.0,469.12711496991943
cortexvpu-01a-005-41884872_2026-06-19_17-35-41_933333_clip.ts,13,3,1,8,0.9463894367218018,0.9463894367218018,,,,,,phase_zero_alignment,c:\Users\TimKitchen\OneDrive\OneDrive - PurpleSector\03 Project Specific Documents\24H_INSIGHTS\24H_Insights\measurements\phase_aware_position_output\frames\phase_exports\phase_03__cortexvpu-01a-005-41884872_2026-06-19_17-35-41_933333_clip__cycle_0013__original_phase_01__sample_013.png,c:\Users\TimKitchen\OneDrive\OneDrive - PurpleSector\03 Project Specific Documents\24H_INSIGHTS\24H_Insights\measurements\phase_aware_position_output\masks\pitwall\phase_03__cortexvpu-01a-005-41884872_2026-06-19_17-35-41_933333_clip__cycle_0013__original_phase_01__sample_013__lapbar_mask.png,c:\Users\TimKitchen\OneDrive\OneDrive - PurpleSector\03 Project Specific Documents\24H_INSIGHTS\24H_Insights\measurements\phase_aware_position_output\masks\pitwall\phase_03__cortexvpu-01a-005-41884872_2026-06-19_17-35-41_933333_clip__cycle_0013__original_phase_01__sample_013__bottle_mask.png,c:\Users\TimKitchen\OneDrive\OneDrive - PurpleSector\03 Project Specific Documents\24H_INSIGHTS\24H_Insights\measurements\phase_aware_position_output\masks\pitwall\phase_03__cortexvpu-01a-005-41884872_2026-06-19_17-35-41_933333_clip__cycle_0013__original_phase_01__sample_013__datum_mask.png,1495.0,271.0,978.0,293.0,1083.5,68.0,5.0,True,True,-105.5,225.0,248.5060361439939,411.5,203.0,458.8477416311428
cortexvpu-01a-005-41884872_2026-06-19_17-35-41_933333_clip.ts,14,3,1,8,0.9463894367218018,0.9463894367218018,,,,,,phase_zero_alignment,c:\Users\TimKitchen\OneDrive\OneDrive - PurpleSector\03 Project Specific Documents\24H_INSIGHTS\24H_Insights\measurements\phase_aware_position_output\frames\phase_exports\phase_03__cortexvpu-01a-005-41884872_2026-06-19_17-35-41_933333_clip__cycle_0014__original_phase_01__sample_014.png,c:\Users\TimKitchen\OneDrive\OneDrive - PurpleSector\03 Project Specific Documents\24H_INSIGHTS\24H_Insights\measurements\phase_aware_position_output\masks\pitwall\phase_03__cortexvpu-01a-005-41884872_2026-06-19_17-35-41_933333_clip__cycle_0014__original_phase_01__sample_014__lapbar_mask.png,c:\Users\TimKitchen\OneDrive\OneDrive - PurpleSector\03 Project Specific Documents\24H_INSIGHTS\24H_Insights\measurements\phase_aware_position_output\masks\pitwall\phase_03__cortexvpu-01a-005-41884872_2026-06-19_17-35-41_933333_clip__cycle_0014__original_phase_01__sample_014__bottle_mask.png,c:\Users\TimKitchen\OneDrive\OneDrive - PurpleSector\03 Project Specific Documents\24H_INSIGHTS\24H_Insights\measurements\phase_aware_position_output\masks\pitwall\phase_03__cortexvpu-01a-005-41884872_2026-06-19_17-35-41_933333_clip__cycle_0014__original_phase_01__sample_014__datum_mask.png,1367.0,252.0,994.9264526367188,271.95587158203125,1083.5,68.0,7.0,True,True,-88.57354736328125,203.95587158203125,222.35842877053582,283.5,184.0,337.9767003803665
cortexvpu-01a-005-41884872_2026-06-19_17-35-41_933333_clip.ts,15,3,1,8,0.9463894367218018,0.9463894367218018,,,,,,phase_zero_alignment,c:\Users\TimKitchen\OneDrive\OneDrive - PurpleSector\03 Project Specific Documents\24H_INSIGHTS\24H_Insights\measurements\phase_aware_position_output\frames\phase_exports\phase_03__cortexvpu-01a-005-41884872_2026-06-19_17-35-41_933333_clip__cycle_0015__original_phase_01__sample_015.png,c:\Users\TimKitchen\OneDrive\OneDrive - PurpleSector\03 Project Specific Documents\24H_INSIGHTS\24H_Insights\measurements\phase_aware_position_output\masks\pitwall\phase_03__cortexvpu-01a-005-41884872_2026-06-19_17-35-41_933333_clip__cycle_0015__original_phase_01__sample_015__lapbar_mask.png,c:\Users\TimKitchen\OneDrive\OneDrive - PurpleSector\03 Project Specific Documents\24H_INSIGHTS\24H_Insights\measurements\phase_aware_position_output\masks\pitwall\phase_03__cortexvpu-01a-005-41884872_2026-06-19_17-35-41_933333_clip__cycle_0015__original_phase_01__sample_015__bottle_mask.png,c:\Users\TimKitchen\OneDrive\OneDrive - PurpleSector\03 Project Specific Documents\24H_INSIGHTS\24H_Insights\measurements\phase_aware_position_output\masks\pitwall\phase_03__cortexvpu-01a-005-41884872_2026-06-19_17-35-41_933333_clip__cycle_0015__original_phase_01__sample_015__datum_mask.png,1333.0,253.0,980.3400268554688,261.6199951171875,1083.5,68.0,8.0,True,True,-103.15997314453125,193.6199951171875,219.38706107781314,249.5,185.0,310.6046522510569
cortexvpu-01a-005-41884872_2026-06-19_17-35-41_933333_clip.ts,16,3,1,8,0.9463894367218018,0.9463894367218018,,,,,,phase_zero_alignment,c:\Users\TimKitchen\OneDrive\OneDrive - PurpleSector\03 Project Specific Documents\24H_INSIGHTS\24H_Insights\measurements\phase_aware_position_output\frames\phase_exports\phase_03__cortexvpu-01a-005-41884872_2026-06-19_17-35-41_933333_clip__cycle_0016__original_phase_01__sample_016.png,c:\Users\TimKitchen\OneDrive\OneDrive - PurpleSector\03 Project Specific Documents\24H_INSIGHTS\24H_Insights\measurements\phase_aware_position_output\masks\pitwall\phase_03__cortexvpu-01a-005-41884872_2026-06-19_17-35-41_933333_clip__cycle_0016__original_phase_01__sample_016__lapbar_mask.png,c:\Users\TimKitchen\OneDrive\OneDrive - PurpleSector\03 Project Specific Documents\24H_INSIGHTS\24H_Insights\measurements\phase_aware_position_output\masks\pitwall\phase_03__cortexvpu-01a-005-41884872_2026-06-19_17-35-41_933333_clip__cycle_0016__original_phase_01__sample_016__bottle_mask.png,c:\Users\TimKitchen\OneDrive\OneDrive - PurpleSector\03 Project Specific Documents\24H_INSIGHTS\24H_Insights\measurements\phase_aware_position_output\masks\pitwall\phase_03__cortexvpu-01a-005-41884872_2026-06-19_17-35-41_933333_clip__cycle_0016__original_phase_01__sample_016__datum_mask.png,1455.0,257.0,987.2463989257812,267.418212890625,1083.5,68.0,7.0,True,True,-96.25360107421875,199.418212890625,221.43256163501673,371.5,189.0,416.81320756425174
cortexvpu-01a-005-41884872_2026-06-19_17-35-41_933333_clip.ts,17,3,1,8,0.9463894367218018,0.9463894367218018,,,,,,phase_zero_alignment,c:\Users\TimKitchen\OneDrive\OneDrive - PurpleSector\03 Project Specific Documents\24H_INSIGHTS\24H_Insights\measurements\phase_aware_position_output\frames\phase_exports\phase_03__cortexvpu-01a-005-41884872_2026-06-19_17-35-41_933333_clip__cycle_0017__original_phase_01__sample_017.png,c:\Users\TimKitchen\OneDrive\OneDrive - PurpleSector\03 Project Specific Documents\24H_INSIGHTS\24H_Insights\measurements\phase_aware_position_output\masks\pitwall\phase_03__cortexvpu-01a-005-41884872_2026-06-19_17-35-41_933333_clip__cycle_0017__original_phase_01__sample_017__lapbar_mask.png,c:\Users\TimKitchen\OneDrive\OneDrive - PurpleSector\03 Project Specific Documents\24H_INSIGHTS\24H_Insights\measurements\phase_aware_position_output\masks\pitwall\phase_03__cortexvpu-01a-005-41884872_2026-06-19_17-35-41_933333_clip__cycle_0017__original_phase_01__sample_017__bottle_mask.png,c:\Users\TimKitchen\OneDrive\OneDrive - PurpleSector\03 Project Specific Documents\24H_INSIGHTS\24H_Insights\measurements\phase_aware_position_output\masks\pitwall\phase_03__cortexvpu-01a-005-41884872_2026-06-19_17-35-41_933333_clip__cycle_0017__original_phase_01__sample_017__datum_mask.png,1343.0,257.0,979.7884521484375,267.4273986816406,1083.5,68.0,3.0,True,True,-103.7115478515625,199.42739868164062,224.78294531101102,259.5,189.0,321.03154050653654
cortexvpu-01a-005-41884872_2026-06-19_17-35-41_933333_clip.ts,18,3,1,8,0.9463894367218018,0.9463894367218018,,,,,,phase_zero_alignment,c:\Users\TimKitchen\OneDrive\OneDrive - PurpleSector\03 Project Specific Documents\24H_INSIGHTS\24H_Insights\measurements\phase_aware_position_output\frames\phase_exports\phase_03__cortexvpu-01a-005-41884872_2026-06-19_17-35-41_933333_clip__cycle_0018__original_phase_01__sample_018.png,c:\Users\TimKitchen\OneDrive\OneDrive - PurpleSector\03 Project Specific Documents\24H_INSIGHTS\24H_Insights\measurements\phase_aware_position_output\masks\pitwall\phase_03__cortexvpu-01a-005-41884872_2026-06-19_17-35-41_933333_clip__cycle_0018__original_phase_01__sample_018__lapbar_mask.png,c:\Users\TimKitchen\OneDrive\OneDrive - PurpleSector\03 Project Specific Documents\24H_INSIGHTS\24H_Insights\measurements\phase_aware_position_output\masks\pitwall\phase_03__cortexvpu-01a-005-41884872_2026-06-19_17-35-41_933333_clip__cycle_0018__original_phase_01__sample_018__bottle_mask.png,c:\Users\TimKitchen\OneDrive\OneDrive - PurpleSector\03 Project Specific Documents\24H_INSIGHTS\24H_Insights\measurements\phase_aware_position_output\masks\pitwall\phase_03__cortexvpu-01a-005-41884872_2026-06-19_17-35-41_933333_clip__cycle_0018__original_phase_01__sample_018__datum_mask.png,1467.0,273.0,979.993896484375,265.0549011230469,1083.5,68.0,5.0,True,True,-103.506103515625,197.05490112304688,222.58514667785238,383.5,205.0,434.8531361275896
cortexvpu-01a-005-41884872_2026-06-19_17-35-41_933333_clip.ts,19,3,1,8,0.9463894367218018,0.9463894367218018,,,,,,phase_zero_alignment,c:\Users\TimKitchen\OneDrive\OneDrive - PurpleSector\03 Project Specific Documents\24H_INSIGHTS\24H_Insights\measurements\phase_aware_position_output\frames\phase_exports\phase_03__cortexvpu-01a-005-41884872_2026-06-19_17-35-41_933333_clip__cycle_0019__original_phase_01__sample_019.png,c:\Users\TimKitchen\OneDrive\OneDrive - PurpleSector\03 Project Specific Documents\24H_INSIGHTS\24H_Insights\measurements\phase_aware_position_output\masks\pitwall\phase_03__cortexvpu-01a-005-41884872_2026-06-19_17-35-41_933333_clip__cycle_0019__original_phase_01__sample_019__lapbar_mask.png,c:\Users\TimKitchen\OneDrive\OneDrive - PurpleSector\03 Project Specific Documents\24H_INSIGHTS\24H_Insights\measurements\phase_aware_position_output\masks\pitwall\phase_03__cortexvpu-01a-005-41884872_2026-06-19_17-35-41_933333_clip__cycle_0019__original_phase_01__sample_019__bottle_mask.png,c:\Users\TimKitchen\OneDrive\OneDrive - PurpleSector\03 Project Specific Documents\24H_INSIGHTS\24H_Insights\measurements\phase_aware_position_output\masks\pitwall\phase_03__cortexvpu-01a-005-41884872_2026-06-19_17-35-41_933333_clip__cycle_0019__original_phase_01__sample_019__datum_mask.png,1493.0,261.0,973.2877807617188,280.209716796875,1083.5,68.0,9.0,True,True,-110.21221923828125,212.209716796875,239.12276590161144,409.5,193.0,452.7021647838676
cortexvpu-01a-005-41884872_2026-06-19_17-35-41_933333_clip.ts,20,3,1,8,0.9463894367218018,0.9463894367218018,,,,,,phase_zero_alignment,c:\Users\TimKitchen\OneDrive\OneDrive - PurpleSector\03 Project Specific Documents\24H_INSIGHTS\24H_Insights\measurements\phase_aware_position_output\frames\phase_exports\phase_03__cortexvpu-01a-005-41884872_2026-06-19_17-35-41_933333_clip__cycle_0020__original_phase_01__sample_020.png,c:\Users\TimKitchen\OneDrive\OneDrive - PurpleSector\03 Project Specific Documents\24H_INSIGHTS\24H_Insights\measurements\phase_aware_position_output\masks\pitwall\phase_03__cortexvpu-01a-005-41884872_2026-06-19_17-35-41_933333_clip__cycle_0020__original_phase_01__sample_020__lapbar_mask.png,c:\Users\TimKitchen\OneDrive\OneDrive - PurpleSector\03 Project Specific Documents\24H_INSIGHTS\24H_Insights\measurements\phase_aware_position_output\masks\pitwall\phase_03__cortexvpu-01a-005-41884872_2026-06-19_17-35-41_933333_clip__cycle_0020__original_phase_01__sample_020__bottle_mask.png,c:\Users\TimKitchen\OneDrive\OneDrive - PurpleSector\03 Project Specific Documents\24H_INSIGHTS\24H_Insights\measurements\phase_aware_position_output\masks\pitwall\phase_03__cortexvpu-01a-005-41884872_2026-06-19_17-35-41_933333_clip__cycle_0020__original_phase_01__sample_020__datum_mask.png,1463.0,278.0,985.5274658203125,265.2397766113281,1083.5,68.0,3.0,True,True,-97.9725341796875,197.23977661132812,220.2320297578821,379.5,210.0,433.7283135789039
cortexvpu-01a-005-41884872_2026-06-19_17-35-41_933333_clip.ts,21,3,1,8,0.9463894367218018,0.9463894367218018,,,,,,phase_zero_alignment,c:\Users\TimKitchen\OneDrive\OneDrive - PurpleSector\03 Project Specific Documents\24H_INSIGHTS\24H_Insights\measurements\phase_aware_position_output\frames\phase_exports\phase_03__cortexvpu-01a-005-41884872_2026-06-19_17-35-41_933333_clip__cycle_0021__original_phase_01__sample_021.png,c:\Users\TimKitchen\OneDrive\OneDrive - PurpleSector\03 Project Specific Documents\24H_INSIGHTS\24H_Insights\measurements\phase_aware_position_output\masks\pitwall\phase_03__cortexvpu-01a-005-41884872_2026-06-19_17-35-41_933333_clip__cycle_0021__original_phase_01__sample_021__lapbar_mask.png,c:\Users\TimKitchen\OneDrive\OneDrive - PurpleSector\03 Project Specific Documents\24H_INSIGHTS\24H_Insights\measurements\phase_aware_position_output\masks\pitwall\phase_03__cortexvpu-01a-005-41884872_2026-06-19_17-35-41_933333_clip__cycle_0021__original_phase_01__sample_021__bottle_mask.png,c:\Users\TimKitchen\OneDrive\OneDrive - PurpleSector\03 Project Specific Documents\24H_INSIGHTS\24H_Insights\measurements\phase_aware_position_output\masks\pitwall\phase_03__cortexvpu-01a-005-41884872_2026-06-19_17-35-41_933333_clip__cycle_0021__original_phase_01__sample_021__datum_mask.png,1503.0,277.0,1003.8977661132812,277.2189636230469,1083.5,68.0,4.0,True,True,-79.60223388671875,209.21896362304688,223.8505983446497,419.5,209.0,468.68032815555637
cortexvpu-01a-005-41884872_2026-06-19_17-35-41_933333_clip.ts,22,3,1,8,0.9463894367218018,0.9463894367218018,,,,,,phase_zero_alignment,c:\Users\TimKitchen\OneDrive\OneDrive - PurpleSector\03 Project Specific Documents\24H_INSIGHTS\24H_Insights\measurements\phase_aware_position_output\frames\phase_exports\phase_03__cortexvpu-01a-005-41884872_2026-06-19_17-35-41_933333_clip__cycle_0022__original_phase_01__sample_022.png,c:\Users\TimKitchen\OneDrive\OneDrive - PurpleSector\03 Project Specific Documents\24H_INSIGHTS\24H_Insights\measurements\phase_aware_position_output\masks\pitwall\phase_03__cortexvpu-01a-005-41884872_2026-06-19_17-35-41_933333_clip__cycle_0022__original_phase_01__sample_022__lapbar_mask.png,c:\Users\TimKitchen\OneDrive\OneDrive - PurpleSector\03 Project Specific Documents\24H_INSIGHTS\24H_Insights\measurements\phase_aware_position_output\masks\pitwall\phase_03__cortexvpu-01a-005-41884872_2026-06-19_17-35-41_933333_clip__cycle_0022__original_phase_01__sample_022__bottle_mask.png,c:\Users\TimKitchen\OneDrive\OneDrive - PurpleSector\03 Project Specific Documents\24H_INSIGHTS\24H_Insights\measurements\phase_aware_position_output\masks\pitwall\phase_03__cortexvpu-01a-005-41884872_2026-06-19_17-35-41_933333_clip__cycle_0022__original_phase_01__sample_022__datum_mask.png,1503.0,278.0,,,1083.5,68.0,5.0,False,False,,,,419.5,210.0,469.12711496991943
cortexvpu-01a-005-41884872_2026-06-19_17-35-41_933333_clip.ts,23,3,1,8,0.9463894367218018,0.9463894367218018,,,,,,phase_zero_alignment,c:\Users\TimKitchen\OneDrive\OneDrive - PurpleSector\03 Project Specific Documents\24H_INSIGHTS\24H_Insights\measurements\phase_aware_position_output\frames\phase_exports\phase_03__cortexvpu-01a-005-41884872_2026-06-19_17-35-41_933333_clip__cycle_0023__original_phase_01__sample_023.png,c:\Users\TimKitchen\OneDrive\OneDrive - PurpleSector\03 Project Specific Documents\24H_INSIGHTS\24H_Insights\measurements\phase_aware_position_output\masks\pitwall\phase_03__cortexvpu-01a-005-41884872_2026-06-19_17-35-41_933333_clip__cycle_0023__original_phase_01__sample_023__lapbar_mask.png,c:\Users\TimKitchen\OneDrive\OneDrive - PurpleSector\03 Project Specific Documents\24H_INSIGHTS\24H_Insights\measurements\phase_aware_position_output\masks\pitwall\phase_03__cortexvpu-01a-005-41884872_2026-06-19_17-35-41_933333_clip__cycle_0023__original_phase_01__sample_023__bottle_mask.png,c:\Users\TimKitchen\OneDrive\OneDrive - PurpleSector\03 Project Specific Documents\24H_INSIGHTS\24H_Insights\measurements\phase_aware_position_output\masks\pitwall\phase_03__cortexvpu-01a-005-41884872_2026-06-19_17-35-41_933333_clip__cycle_0023__original_phase_01__sample_023__datum_mask.png,1503.0,278.0,964.5000610351562,264.50006103515625,1083.5,68.0,8.0,True,True,-118.99993896484375,196.50006103515625,229.7243118619722,419.5,210.0,469.12711496991943
cortexvpu-01a-005-41884872_2026-06-19_17-35-41_933333_clip.ts,24,3,1,8,0.9463894367218018,0.9463894367218018,,,,,,phase_zero_alignment,c:\Users\TimKitchen\OneDrive\OneDrive - PurpleSector\03 Project Specific Documents\24H_INSIGHTS\24H_Insights\measurements\phase_aware_position_output\frames\phase_exports\phase_03__cortexvpu-01a-005-41884872_2026-06-19_17-35-41_933333_clip__cycle_0024__original_phase_01__sample_024.png,c:\Users\TimKitchen\OneDrive\OneDrive - PurpleSector\03 Project Specific Documents\24H_INSIGHTS\24H_Insights\measurements\phase_aware_position_output\masks\pitwall\phase_03__cortexvpu-01a-005-41884872_2026-06-19_17-35-41_933333_clip__cycle_0024__original_phase_01__sample_024__lapbar_mask.png,c:\Users\TimKitchen\OneDrive\OneDrive - PurpleSector\03 Project Specific Documents\24H_INSIGHTS\24H_Insights\measurements\phase_aware_position_output\masks\pitwall\phase_03__cortexvpu-01a-005-41884872_2026-06-19_17-35-41_933333_clip__cycle_0024__original_phase_01__sample_024__bottle_mask.png,c:\Users\TimKitchen\OneDrive\OneDrive - PurpleSector\03 Project Specific Documents\24H_INSIGHTS\24H_Insights\measurements\phase_aware_position_output\masks\pitwall\phase_03__cortexvpu-01a-005-41884872_2026-06-19_17-35-41_933333_clip__cycle_0024__original_phase_01__sample_024__datum_mask.png,1455.0,263.0,970.2057495117188,274.9573669433594,1083.5,68.0,4.0,True,True,-113.29425048828125,206.95736694335938,235.93842189399697,371.5,195.0,419.5679325210639
cortexvpu-01a-005-41884872_2026-06-19_17-35-41_933333_clip.ts,25,3,1,8,0.9463894367218018,0.9463894367218018,,,,,,phase_zero_alignment,c:\Users\TimKitchen\OneDrive\OneDrive - PurpleSector\03 Project Specific Documents\24H_INSIGHTS\24H_Insights\measurements\phase_aware_position_output\frames\phase_exports\phase_03__cortexvpu-01a-005-41884872_2026-06-19_17-35-41_933333_clip__cycle_0025__original_phase_01__sample_025.png,c:\Users\TimKitchen\OneDrive\OneDrive - PurpleSector\03 Project Specific Documents\24H_INSIGHTS\24H_Insights\measurements\phase_aware_position_output\masks\pitwall\phase_03__cortexvpu-01a-005-41884872_2026-06-19_17-35-41_933333_clip__cycle_0025__original_phase_01__sample_025__lapbar_mask.png,c:\Users\TimKitchen\OneDrive\OneDrive - PurpleSector\03 Project Specific Documents\24H_INSIGHTS\24H_Insights\measurements\phase_aware_position_output\masks\pitwall\phase_03__cortexvpu-01a-005-41884872_2026-06-19_17-35-41_933333_clip__cycle_0025__original_phase_01__sample_025__bottle_mask.png,c:\Users\TimKitchen\OneDrive\OneDrive - PurpleSector\03 Project Specific Documents\24H_INSIGHTS\24H_Insights\measurements\phase_aware_position_output\masks\pitwall\phase_03__cortexvpu-01a-005-41884872_2026-06-19_17-35-41_933333_clip__cycle_0025__original_phase_01__sample_025__datum_mask.png,1503.0,265.0,,,1083.5,68.0,5.0,False,False,,,,419.5,197.0,463.4536114866298
cortexvpu-01a-005-41884872_2026-06-19_17-35-41_933333_clip.ts,26,3,1,8,0.9463894367218018,0.9463894367218018,,,,,,phase_zero_alignment,c:\Users\TimKitchen\OneDrive\OneDrive - PurpleSector\03 Project Specific Documents\24H_INSIGHTS\24H_Insights\measurements\phase_aware_position_output\frames\phase_exports\phase_03__cortexvpu-01a-005-41884872_2026-06-19_17-35-41_933333_clip__cycle_0026__original_phase_01__sample_026.png,c:\Users\TimKitchen\OneDrive\OneDrive - PurpleSector\03 Project Specific Documents\24H_INSIGHTS\24H_Insights\measurements\phase_aware_position_output\masks\pitwall\phase_03__cortexvpu-01a-005-41884872_2026-06-19_17-35-41_933333_clip__cycle_0026__original_phase_01__sample_026__lapbar_mask.png,c:\Users\TimKitchen\OneDrive\OneDrive - PurpleSector\03 Project Specific Documents\24H_INSIGHTS\24H_Insights\measurements\phase_aware_position_output\masks\pitwall\phase_03__cortexvpu-01a-005-41884872_2026-06-19_17-35-41_933333_clip__cycle_0026__original_phase_01__sample_026__bottle_mask.png,c:\Users\TimKitchen\OneDrive\OneDrive - PurpleSector\03 Project Specific Documents\24H_INSIGHTS\24H_Insights\measurements\phase_aware_position_output\masks\pitwall\phase_03__cortexvpu-01a-005-41884872_2026-06-19_17-35-41_933333_clip__cycle_0026__original_phase_01__sample_026__datum_mask.png,1467.0,277.0,972.2098388671875,263.62152099609375,1083.5,68.0,5.0,True,True,-111.2901611328125,195.62152099609375,225.06283443028198,383.5,209.0,436.7530766920824
cortexvpu-01a-005-41884872_2026-06-19_17-35-41_933333_clip.ts,27,3,1,8,0.9463894367218018,0.9463894367218018,,,,,,phase_zero_alignment,c:\Users\TimKitchen\OneDrive\OneDrive - PurpleSector\03 Project Specific Documents\24H_INSIGHTS\24H_Insights\measurements\phase_aware_position_output\frames\phase_exports\phase_03__cortexvpu-01a-005-41884872_2026-06-19_17-35-41_933333_clip__cycle_0027__original_phase_01__sample_027.png,c:\Users\TimKitchen\OneDrive\OneDrive - PurpleSector\03 Project Specific Documents\24H_INSIGHTS\24H_Insights\measurements\phase_aware_position_output\masks\pitwall\phase_03__cortexvpu-01a-005-41884872_2026-06-19_17-35-41_933333_clip__cycle_0027__original_phase_01__sample_027__lapbar_mask.png,c:\Users\TimKitchen\OneDrive\OneDrive - PurpleSector\03 Project Specific Documents\24H_INSIGHTS\24H_Insights\measurements\phase_aware_position_output\masks\pitwall\phase_03__cortexvpu-01a-005-41884872_2026-06-19_17-35-41_933333_clip__cycle_0027__original_phase_01__sample_027__bottle_mask.png,c:\Users\TimKitchen\OneDrive\OneDrive - PurpleSector\03 Project Specific Documents\24H_INSIGHTS\24H_Insights\measurements\phase_aware_position_output\masks\pitwall\phase_03__cortexvpu-01a-005-41884872_2026-06-19_17-35-41_933333_clip__cycle_0027__original_phase_01__sample_027__datum_mask.png,1477.0,278.0,,,1083.5,68.0,3.0,False,False,,,,393.5,210.0,446.0294272803085
cortexvpu-01a-005-41884872_2026-06-19_17-35-41_933333_clip.ts,28,3,1,8,0.9463894367218018,0.9463894367218018,,,,,,phase_zero_alignment,c:\Users\TimKitchen\OneDrive\OneDrive - PurpleSector\03 Project Specific Documents\24H_INSIGHTS\24H_Insights\measurements\phase_aware_position_output\frames\phase_exports\phase_03__cortexvpu-01a-005-41884872_2026-06-19_17-35-41_933333_clip__cycle_0028__original_phase_01__sample_028.png,c:\Users\TimKitchen\OneDrive\OneDrive - PurpleSector\03 Project Specific Documents\24H_INSIGHTS\24H_Insights\measurements\phase_aware_position_output\masks\pitwall\phase_03__cortexvpu-01a-005-41884872_2026-06-19_17-35-41_933333_clip__cycle_0028__original_phase_01__sample_028__lapbar_mask.png,c:\Users\TimKitchen\OneDrive\OneDrive - PurpleSector\03 Project Specific Documents\24H_INSIGHTS\24H_Insights\measurements\phase_aware_position_output\masks\pitwall\phase_03__cortexvpu-01a-005-41884872_2026-06-19_17-35-41_933333_clip__cycle_0028__original_phase_01__sample_028__bottle_mask.png,c:\Users\TimKitchen\OneDrive\OneDrive - PurpleSector\03 Project Specific Documents\24H_INSIGHTS\24H_Insights\measurements\phase_aware_position_output\masks\pitwall\phase_03__cortexvpu-01a-005-41884872_2026-06-19_17-35-41_933333_clip__cycle_0028__original_phase_01__sample_028__datum_mask.png,1471.0,265.0,1000.956298828125,264.9737548828125,1083.5,68.0,5.0,True,True,-82.543701171875,196.9737548828125,213.56994806335956,387.5,197.0,434.70133425146054
cortexvpu-01a-005-41884872_2026-06-19_17-35-41_933333_clip.ts,29,3,1,8,0.9463894367218018,0.9463894367218018,,,,,,phase_zero_alignment,c:\Users\TimKitchen\OneDrive\OneDrive - PurpleSector\03 Project Specific Documents\24H_INSIGHTS\24H_Insights\measurements\phase_aware_position_output\frames\phase_exports\phase_03__cortexvpu-01a-005-41884872_2026-06-19_17-35-41_933333_clip__cycle_0029__original_phase_01__sample_029.png,c:\Users\TimKitchen\OneDrive\OneDrive - PurpleSector\03 Project Specific Documents\24H_INSIGHTS\24H_Insights\measurements\phase_aware_position_output\masks\pitwall\phase_03__cortexvpu-01a-005-41884872_2026-06-19_17-35-41_933333_clip__cycle_0029__original_phase_01__sample_029__lapbar_mask.png,c:\Users\TimKitchen\OneDrive\OneDrive - PurpleSector\03 Project Specific Documents\24H_INSIGHTS\24H_Insights\measurements\phase_aware_position_output\masks\pitwall\phase_03__cortexvpu-01a-005-41884872_2026-06-19_17-35-41_933333_clip__cycle_0029__original_phase_01__sample_029__bottle_mask.png,c:\Users\TimKitchen\OneDrive\OneDrive - PurpleSector\03 Project Specific Documents\24H_INSIGHTS\24H_Insights\measurements\phase_aware_position_output\masks\pitwall\phase_03__cortexvpu-01a-005-41884872_2026-06-19_17-35-41_933333_clip__cycle_0029__original_phase_01__sample_029__datum_mask.png,1457.0,278.0,960.7501220703125,258.7500305175781,1083.5,68.0,5.0,True,True,-122.7498779296875,190.75003051757812,226.83277248715663,373.5,210.0,428.4883312296847
cortexvpu-01a-005-41884872_2026-06-19_17-35-41_933333_clip.ts,30,3,1,8,0.9463894367218018,0.9463894367218018,,,,,,phase_zero_alignment,c:\Users\TimKitchen\OneDrive\OneDrive - PurpleSector\03 Project Specific Documents\24H_INSIGHTS\24H_Insights\measurements\phase_aware_position_output\frames\phase_exports\phase_03__cortexvpu-01a-005-41884872_2026-06-19_17-35-41_933333_clip__cycle_0030__original_phase_01__sample_030.png,c:\Users\TimKitchen\OneDrive\OneDrive - PurpleSector\03 Project Specific Documents\24H_INSIGHTS\24H_Insights\measurements\phase_aware_position_output\masks\pitwall\phase_03__cortexvpu-01a-005-41884872_2026-06-19_17-35-41_933333_clip__cycle_0030__original_phase_01__sample_030__lapbar_mask.png,c:\Users\TimKitchen\OneDrive\OneDrive - PurpleSector\03 Project Specific Documents\24H_INSIGHTS\24H_Insights\measurements\phase_aware_position_output\masks\pitwall\phase_03__cortexvpu-01a-005-41884872_2026-06-19_17-35-41_933333_clip__cycle_0030__original_phase_01__sample_030__bottle_mask.png,c:\Users\TimKitchen\OneDrive\OneDrive - PurpleSector\03 Project Specific Documents\24H_INSIGHTS\24H_Insights\measurements\phase_aware_position_output\masks\pitwall\phase_03__cortexvpu-01a-005-41884872_2026-06-19_17-35-41_933333_clip__cycle_0030__original_phase_01__sample_030__datum_mask.png,1503.0,278.0,979.3235473632812,277.2059326171875,1083.5,68.0,6.0,True,True,-104.17645263671875,209.2059326171875,233.7089119528772,419.5,210.0,469.12711496991943
cortexvpu-01a-005-41884872_2026-06-19_17-35-41_933333_clip.ts,31,3,1,8,0.9463894367218018,0.9463894367218018,,,,,,phase_zero_alignment,c:\Users\TimKitchen\OneDrive\OneDrive - PurpleSector\03 Project Specific Documents\24H_INSIGHTS\24H_Insights\measurements\phase_aware_position_output\frames\phase_exports\phase_03__cortexvpu-01a-005-41884872_2026-06-19_17-35-41_933333_clip__cycle_0031__original_phase_01__sample_031.png,c:\Users\TimKitchen\OneDrive\OneDrive - PurpleSector\03 Project Specific Documents\24H_INSIGHTS\24H_Insights\measurements\phase_aware_position_output\masks\pitwall\phase_03__cortexvpu-01a-005-41884872_2026-06-19_17-35-41_933333_clip__cycle_0031__original_phase_01__sample_031__lapbar_mask.png,c:\Users\TimKitchen\OneDrive\OneDrive - PurpleSector\03 Project Specific Documents\24H_INSIGHTS\24H_Insights\measurements\phase_aware_position_output\masks\pitwall\phase_03__cortexvpu-01a-005-41884872_2026-06-19_17-35-41_933333_clip__cycle_0031__original_phase_01__sample_031__bottle_mask.png,c:\Users\TimKitchen\OneDrive\OneDrive - PurpleSector\03 Project Specific Documents\24H_INSIGHTS\24H_Insights\measurements\phase_aware_position_output\masks\pitwall\phase_03__cortexvpu-01a-005-41884872_2026-06-19_17-35-41_933333_clip__cycle_0031__original_phase_01__sample_031__datum_mask.png,1503.0,269.0,988.6039428710938,263.8913879394531,1083.5,68.0,4.0,True,True,-94.89605712890625,195.89138793945312,217.66648232435318,419.5,201.0,465.16798041137787
cortexvpu-01a-005-41884872_2026-06-19_17-35-41_933333_clip.ts,32,3,1,8,0.9463894367218018,0.9463894367218018,,,,,,phase_zero_alignment,c:\Users\TimKitchen\OneDrive\OneDrive - PurpleSector\03 Project Specific Documents\24H_INSIGHTS\24H_Insights\measurements\phase_aware_position_output\frames\phase_exports\phase_03__cortexvpu-01a-005-41884872_2026-06-19_17-35-41_933333_clip__cycle_0032__original_phase_01__sample_032.png,c:\Users\TimKitchen\OneDrive\OneDrive - PurpleSector\03 Project Specific Documents\24H_INSIGHTS\24H_Insights\measurements\phase_aware_position_output\masks\pitwall\phase_03__cortexvpu-01a-005-41884872_2026-06-19_17-35-41_933333_clip__cycle_0032__original_phase_01__sample_032__lapbar_mask.png,c:\Users\TimKitchen\OneDrive\OneDrive - PurpleSector\03 Project Specific Documents\24H_INSIGHTS\24H_Insights\measurements\phase_aware_position_output\masks\pitwall\phase_03__cortexvpu-01a-005-41884872_2026-06-19_17-35-41_933333_clip__cycle_0032__original_phase_01__sample_032__bottle_mask.png,c:\Users\TimKitchen\OneDrive\OneDrive - PurpleSector\03 Project Specific Documents\24H_INSIGHTS\24H_Insights\measurements\phase_aware_position_output\masks\pitwall\phase_03__cortexvpu-01a-005-41884872_2026-06-19_17-35-41_933333_clip__cycle_0032__original_phase_01__sample_032__datum_mask.png,1461.0,278.0,979.8861083984375,266.349853515625,1083.5,68.0,7.0,True,True,-103.6138916015625,198.349853515625,223.7822667739565,377.5,210.0,431.9794555300055
cortexvpu-01a-005-41884872_2026-06-19_17-35-41_933333_clip.ts,33,3,1,8,0.9463894367218018,0.9463894367218018,,,,,,phase_zero_alignment,c:\Users\TimKitchen\OneDrive\OneDrive - PurpleSector\03 Project Specific Documents\24H_INSIGHTS\24H_Insights\measurements\phase_aware_position_output\frames\phase_exports\phase_03__cortexvpu-01a-005-41884872_2026-06-19_17-35-41_933333_clip__cycle_0033__original_phase_01__sample_033.png,c:\Users\TimKitchen\OneDrive\OneDrive - PurpleSector\03 Project Specific Documents\24H_INSIGHTS\24H_Insights\measurements\phase_aware_position_output\masks\pitwall\phase_03__cortexvpu-01a-005-41884872_2026-06-19_17-35-41_933333_clip__cycle_0033__original_phase_01__sample_033__lapbar_mask.png,c:\Users\TimKitchen\OneDrive\OneDrive - PurpleSector\03 Project Specific Documents\24H_INSIGHTS\24H_Insights\measurements\phase_aware_position_output\masks\pitwall\phase_03__cortexvpu-01a-005-41884872_2026-06-19_17-35-41_933333_clip__cycle_0033__original_phase_01__sample_033__bottle_mask.png,c:\Users\TimKitchen\OneDrive\OneDrive - PurpleSector\03 Project Specific Documents\24H_INSIGHTS\24H_Insights\measurements\phase_aware_position_output\masks\pitwall\phase_03__cortexvpu-01a-005-41884872_2026-06-19_17-35-41_933333_clip__cycle_0033__original_phase_01__sample_033__datum_mask.png,1463.0,255.0,989.8621215820312,266.6551208496094,1083.5,68.0,3.0,True,True,-93.63787841796875,198.65512084960938,219.61764344968097,379.5,187.0,423.07121149990815
cortexvpu-01a-005-41884872_2026-06-19_17-35-41_933333_clip.ts,34,3,1,8,0.9463894367218018,0.9463894367218018,,,,,,phase_zero_alignment,c:\Users\TimKitchen\OneDrive\OneDrive - PurpleSector\03 Project Specific Documents\24H_INSIGHTS\24H_Insights\measurements\phase_aware_position_output\frames\phase_exports\phase_03__cortexvpu-01a-005-41884872_2026-06-19_17-35-41_933333_clip__cycle_0034__original_phase_01__sample_034.png,c:\Users\TimKitchen\OneDrive\OneDrive - PurpleSector\03 Project Specific Documents\24H_INSIGHTS\24H_Insights\measurements\phase_aware_position_output\masks\pitwall\phase_03__cortexvpu-01a-005-41884872_2026-06-19_17-35-41_933333_clip__cycle_0034__original_phase_01__sample_034__lapbar_mask.png,c:\Users\TimKitchen\OneDrive\OneDrive - PurpleSector\03 Project Specific Documents\24H_INSIGHTS\24H_Insights\measurements\phase_aware_position_output\masks\pitwall\phase_03__cortexvpu-01a-005-41884872_2026-06-19_17-35-41_933333_clip__cycle_0034__original_phase_01__sample_034__bottle_mask.png,c:\Users\TimKitchen\OneDrive\OneDrive - PurpleSector\03 Project Specific Documents\24H_INSIGHTS\24H_Insights\measurements\phase_aware_position_output\masks\pitwall\phase_03__cortexvpu-01a-005-41884872_2026-06-19_17-35-41_933333_clip__cycle_0034__original_phase_01__sample_034__datum_mask.png,1463.0,265.0,991.3735961914062,268.1158447265625,1083.5,68.0,3.0,True,True,-92.12640380859375,200.1158447265625,220.30348519560408,379.5,197.0,427.58537159262124
cortexvpu-01a-005-41884872_2026-06-19_17-35-41_933333_clip.ts,35,3,1,8,0.9463894367218018,0.9463894367218018,,,,,,phase_zero_alignment,c:\Users\TimKitchen\OneDrive\OneDrive - PurpleSector\03 Project Specific Documents\24H_INSIGHTS\24H_Insights\measurements\phase_aware_position_output\frames\phase_exports\phase_03__cortexvpu-01a-005-41884872_2026-06-19_17-35-41_933333_clip__cycle_0035__original_phase_01__sample_035.png,c:\Users\TimKitchen\OneDrive\OneDrive - PurpleSector\03 Project Specific Documents\24H_INSIGHTS\24H_Insights\measurements\phase_aware_position_output\masks\pitwall\phase_03__cortexvpu-01a-005-41884872_2026-06-19_17-35-41_933333_clip__cycle_0035__original_phase_01__sample_035__lapbar_mask.png,c:\Users\TimKitchen\OneDrive\OneDrive - PurpleSector\03 Project Specific Documents\24H_INSIGHTS\24H_Insights\measurements\phase_aware_position_output\masks\pitwall\phase_03__cortexvpu-01a-005-41884872_2026-06-19_17-35-41_933333_clip__cycle_0035__original_phase_01__sample_035__bottle_mask.png,c:\Users\TimKitchen\OneDrive\OneDrive - PurpleSector\03 Project Specific Documents\24H_INSIGHTS\24H_Insights\measurements\phase_aware_position_output\masks\pitwall\phase_03__cortexvpu-01a-005-41884872_2026-06-19_17-35-41_933333_clip__cycle_0035__original_phase_01__sample_035__datum_mask.png,1461.0,271.0,979.7410278320312,257.3246765136719,1083.5,68.0,7.0,True,True,-103.75897216796875,189.32467651367188,215.89293050574818,377.5,203.0,428.62016984738364
cortexvpu-01a-005-41884872_2026-06-19_17-35-41_933333_clip.ts,36,3,1,8,0.9463894367218018,0.9463894367218018,,,,,,phase_zero_alignment,c:\Users\TimKitchen\OneDrive\OneDrive - PurpleSector\03 Project Specific Documents\24H_INSIGHTS\24H_Insights\measurements\phase_aware_position_output\frames\phase_exports\phase_03__cortexvpu-01a-005-41884872_2026-06-19_17-35-41_933333_clip__cycle_0036__original_phase_01__sample_036.png,c:\Users\TimKitchen\OneDrive\OneDrive - PurpleSector\03 Project Specific Documents\24H_INSIGHTS\24H_Insights\measurements\phase_aware_position_output\masks\pitwall\phase_03__cortexvpu-01a-005-41884872_2026-06-19_17-35-41_933333_clip__cycle_0036__original_phase_01__sample_036__lapbar_mask.png,c:\Users\TimKitchen\OneDrive\OneDrive - PurpleSector\03 Project Specific Documents\24H_INSIGHTS\24H_Insights\measurements\phase_aware_position_output\masks\pitwall\phase_03__cortexvpu-01a-005-41884872_2026-06-19_17-35-41_933333_clip__cycle_0036__original_phase_01__sample_036__bottle_mask.png,c:\Users\TimKitchen\OneDrive\OneDrive - PurpleSector\03 Project Specific Documents\24H_INSIGHTS\24H_Insights\measurements\phase_aware_position_output\masks\pitwall\phase_03__cortexvpu-01a-005-41884872_2026-06-19_17-35-41_933333_clip__cycle_0036__original_phase_01__sample_036__datum_mask.png,1501.0,273.0,995.134765625,266.28961181640625,1083.5,68.0,5.0,True,True,-88.365234375,198.28961181640625,217.08796558181146,417.5,205.0,465.11423328038455
cortexvpu-01a-005-41884872_2026-06-19_17-35-41_933333_clip.ts,37,3,1,8,0.9463894367218018,0.9463894367218018,,,,,,phase_zero_alignment,c:\Users\TimKitchen\OneDrive\OneDrive - PurpleSector\03 Project Specific Documents\24H_INSIGHTS\24H_Insights\measurements\phase_aware_position_output\frames\phase_exports\phase_03__cortexvpu-01a-005-41884872_2026-06-19_17-35-41_933333_clip__cycle_0037__original_phase_01__sample_037.png,c:\Users\TimKitchen\OneDrive\OneDrive - PurpleSector\03 Project Specific Documents\24H_INSIGHTS\24H_Insights\measurements\phase_aware_position_output\masks\pitwall\phase_03__cortexvpu-01a-005-41884872_2026-06-19_17-35-41_933333_clip__cycle_0037__original_phase_01__sample_037__lapbar_mask.png,c:\Users\TimKitchen\OneDrive\OneDrive - PurpleSector\03 Project Specific Documents\24H_INSIGHTS\24H_Insights\measurements\phase_aware_position_output\masks\pitwall\phase_03__cortexvpu-01a-005-41884872_2026-06-19_17-35-41_933333_clip__cycle_0037__original_phase_01__sample_037__bottle_mask.png,c:\Users\TimKitchen\OneDrive\OneDrive - PurpleSector\03 Project Specific Documents\24H_INSIGHTS\24H_Insights\measurements\phase_aware_position_output\masks\pitwall\phase_03__cortexvpu-01a-005-41884872_2026-06-19_17-35-41_933333_clip__cycle_0037__original_phase_01__sample_037__datum_mask.png,1343.0,257.0,990.4973754882812,264.19329833984375,1083.5,68.0,9.0,True,True,-93.00262451171875,196.19329833984375,217.120469968943,259.5,189.0,321.03154050653654
cortexvpu-01a-005-41884872_2026-06-19_17-35-41_933333_clip.ts,38,3,1,8,0.9463894367218018,0.9463894367218018,,,,,,phase_zero_alignment,c:\Users\TimKitchen\OneDrive\OneDrive - PurpleSector\03 Project Specific Documents\24H_INSIGHTS\24H_Insights\measurements\phase_aware_position_output\frames\phase_exports\phase_03__cortexvpu-01a-005-41884872_2026-06-19_17-35-41_933333_clip__cycle_0038__original_phase_01__sample_038.png,c:\Users\TimKitchen\OneDrive\OneDrive - PurpleSector\03 Project Specific Documents\24H_INSIGHTS\24H_Insights\measurements\phase_aware_position_output\masks\pitwall\phase_03__cortexvpu-01a-005-41884872_2026-06-19_17-35-41_933333_clip__cycle_0038__original_phase_01__sample_038__lapbar_mask.png,c:\Users\TimKitchen\OneDrive\OneDrive - PurpleSector\03 Project Specific Documents\24H_INSIGHTS\24H_Insights\measurements\phase_aware_position_output\masks\pitwall\phase_03__cortexvpu-01a-005-41884872_2026-06-19_17-35-41_933333_clip__cycle_0038__original_phase_01__sample_038__bottle_mask.png,c:\Users\TimKitchen\OneDrive\OneDrive - PurpleSector\03 Project Specific Documents\24H_INSIGHTS\24H_Insights\measurements\phase_aware_position_output\masks\pitwall\phase_03__cortexvpu-01a-005-41884872_2026-06-19_17-35-41_933333_clip__cycle_0038__original_phase_01__sample_038__datum_mask.png,1503.0,277.0,,,1083.5,68.0,2.0,False,False,,,,419.5,209.0,468.68032815555637
cortexvpu-01a-005-41884872_2026-06-19_17-35-41_933333_clip.ts,39,3,1,8,0.9463894367218018,0.9463894367218018,,,,,,phase_zero_alignment,c:\Users\TimKitchen\OneDrive\OneDrive - PurpleSector\03 Project Specific Documents\24H_INSIGHTS\24H_Insights\measurements\phase_aware_position_output\frames\phase_exports\phase_03__cortexvpu-01a-005-41884872_2026-06-19_17-35-41_933333_clip__cycle_0039__original_phase_01__sample_039.png,c:\Users\TimKitchen\OneDrive\OneDrive - PurpleSector\03 Project Specific Documents\24H_INSIGHTS\24H_Insights\measurements\phase_aware_position_output\masks\pitwall\phase_03__cortexvpu-01a-005-41884872_2026-06-19_17-35-41_933333_clip__cycle_0039__original_phase_01__sample_039__lapbar_mask.png,c:\Users\TimKitchen\OneDrive\OneDrive - PurpleSector\03 Project Specific Documents\24H_INSIGHTS\24H_Insights\measurements\phase_aware_position_output\masks\pitwall\phase_03__cortexvpu-01a-005-41884872_2026-06-19_17-35-41_933333_clip__cycle_0039__original_phase_01__sample_039__bottle_mask.png,c:\Users\TimKitchen\OneDrive\OneDrive - PurpleSector\03 Project Specific Documents\24H_INSIGHTS\24H_Insights\measurements\phase_aware_position_output\masks\pitwall\phase_03__cortexvpu-01a-005-41884872_2026-06-19_17-35-41_933333_clip__cycle_0039__original_phase_01__sample_039__datum_mask.png,1331.0,255.0,,,1083.5,68.0,4.0,False,False,,,,247.5,187.0,310.20195034847865
cortexvpu-01a-005-41884872_2026-06-19_17-35-41_933333_clip.ts,40,3,1,8,0.9463894367218018,0.9463894367218018,,,,,,phase_zero_alignment,c:\Users\TimKitchen\OneDrive\OneDrive - PurpleSector\03 Project Specific Documents\24H_INSIGHTS\24H_Insights\measurements\phase_aware_position_output\frames\phase_exports\phase_03__cortexvpu-01a-005-41884872_2026-06-19_17-35-41_933333_clip__cycle_0040__original_phase_01__sample_040.png,c:\Users\TimKitchen\OneDrive\OneDrive - PurpleSector\03 Project Specific Documents\24H_INSIGHTS\24H_Insights\measurements\phase_aware_position_output\masks\pitwall\phase_03__cortexvpu-01a-005-41884872_2026-06-19_17-35-41_933333_clip__cycle_0040__original_phase_01__sample_040__lapbar_mask.png,c:\Users\TimKitchen\OneDrive\OneDrive - PurpleSector\03 Project Specific Documents\24H_INSIGHTS\24H_Insights\measurements\phase_aware_position_output\masks\pitwall\phase_03__cortexvpu-01a-005-41884872_2026-06-19_17-35-41_933333_clip__cycle_0040__original_phase_01__sample_040__bottle_mask.png,c:\Users\TimKitchen\OneDrive\OneDrive - PurpleSector\03 Project Specific Documents\24H_INSIGHTS\24H_Insights\measurements\phase_aware_position_output\masks\pitwall\phase_03__cortexvpu-01a-005-41884872_2026-06-19_17-35-41_933333_clip__cycle_0040__original_phase_01__sample_040__datum_mask.png,1457.0,275.0,981.9472045898438,265.71942138671875,1083.5,68.0,1.0,True,True,-101.55279541015625,197.71942138671875,222.27446962959087,373.5,207.0,427.0260530693648
cortexvpu-01a-005-41884872_2026-06-19_17-35-41_933333_clip.ts,41,3,1,8,0.9463894367218018,0.9463894367218018,,,,,,phase_zero_alignment,c:\Users\TimKitchen\OneDrive\OneDrive - PurpleSector\03 Project Specific Documents\24H_INSIGHTS\24H_Insights\measurements\phase_aware_position_output\frames\phase_exports\phase_03__cortexvpu-01a-005-41884872_2026-06-19_17-35-41_933333_clip__cycle_0041__original_phase_01__sample_041.png,c:\Users\TimKitchen\OneDrive\OneDrive - PurpleSector\03 Project Specific Documents\24H_INSIGHTS\24H_Insights\measurements\phase_aware_position_output\masks\pitwall\phase_03__cortexvpu-01a-005-41884872_2026-06-19_17-35-41_933333_clip__cycle_0041__original_phase_01__sample_041__lapbar_mask.png,c:\Users\TimKitchen\OneDrive\OneDrive - PurpleSector\03 Project Specific Documents\24H_INSIGHTS\24H_Insights\measurements\phase_aware_position_output\masks\pitwall\phase_03__cortexvpu-01a-005-41884872_2026-06-19_17-35-41_933333_clip__cycle_0041__original_phase_01__sample_041__bottle_mask.png,c:\Users\TimKitchen\OneDrive\OneDrive - PurpleSector\03 Project Specific Documents\24H_INSIGHTS\24H_Insights\measurements\phase_aware_position_output\masks\pitwall\phase_03__cortexvpu-01a-005-41884872_2026-06-19_17-35-41_933333_clip__cycle_0041__original_phase_01__sample_041__datum_mask.png,1487.0,275.0,,,1083.5,68.0,5.0,False,False,,,,403.5,207.0,453.49889746282736
cortexvpu-01a-005-41884872_2026-06-19_17-35-41_933333_clip.ts,42,3,1,8,0.9463894367218018,0.9463894367218018,,,,,,phase_zero_alignment,c:\Users\TimKitchen\OneDrive\OneDrive - PurpleSector\03 Project Specific Documents\24H_INSIGHTS\24H_Insights\measurements\phase_aware_position_output\frames\phase_exports\phase_03__cortexvpu-01a-005-41884872_2026-06-19_17-35-41_933333_clip__cycle_0042__original_phase_01__sample_042.png,c:\Users\TimKitchen\OneDrive\OneDrive - PurpleSector\03 Project Specific Documents\24H_INSIGHTS\24H_Insights\measurements\phase_aware_position_output\masks\pitwall\phase_03__cortexvpu-01a-005-41884872_2026-06-19_17-35-41_933333_clip__cycle_0042__original_phase_01__sample_042__lapbar_mask.png,c:\Users\TimKitchen\OneDrive\OneDrive - PurpleSector\03 Project Specific Documents\24H_INSIGHTS\24H_Insights\measurements\phase_aware_position_output\masks\pitwall\phase_03__cortexvpu-01a-005-41884872_2026-06-19_17-35-41_933333_clip__cycle_0042__original_phase_01__sample_042__bottle_mask.png,c:\Users\TimKitchen\OneDrive\OneDrive - PurpleSector\03 Project Specific Documents\24H_INSIGHTS\24H_Insights\measurements\phase_aware_position_output\masks\pitwall\phase_03__cortexvpu-01a-005-41884872_2026-06-19_17-35-41_933333_clip__cycle_0042__original_phase_01__sample_042__datum_mask.png,1455.0,278.0,930.6500244140625,261.4500427246094,1083.5,68.0,4.0,True,True,-152.8499755859375,193.45004272460938,246.54823882310512,371.5,210.0,426.74611890443714
cortexvpu-01a-005-41884872_2026-06-19_17-35-41_933333_clip.ts,43,3,1,8,0.9463894367218018,0.9463894367218018,,,,,,phase_zero_alignment,c:\Users\TimKitchen\OneDrive\OneDrive - PurpleSector\03 Project Specific Documents\24H_INSIGHTS\24H_Insights\measurements\phase_aware_position_output\frames\phase_exports\phase_03__cortexvpu-01a-005-41884872_2026-06-19_17-35-41_933333_clip__cycle_0043__original_phase_01__sample_043.png,c:\Users\TimKitchen\OneDrive\OneDrive - PurpleSector\03 Project Specific Documents\24H_INSIGHTS\24H_Insights\measurements\phase_aware_position_output\masks\pitwall\phase_03__cortexvpu-01a-005-41884872_2026-06-19_17-35-41_933333_clip__cycle_0043__original_phase_01__sample_043__lapbar_mask.png,c:\Users\TimKitchen\OneDrive\OneDrive - PurpleSector\03 Project Specific Documents\24H_INSIGHTS\24H_Insights\measurements\phase_aware_position_output\masks\pitwall\phase_03__cortexvpu-01a-005-41884872_2026-06-19_17-35-41_933333_clip__cycle_0043__original_phase_01__sample_043__bottle_mask.png,c:\Users\TimKitchen\OneDrive\OneDrive - PurpleSector\03 Project Specific Documents\24H_INSIGHTS\24H_Insights\measurements\phase_aware_position_output\masks\pitwall\phase_03__cortexvpu-01a-005-41884872_2026-06-19_17-35-41_933333_clip__cycle_0043__original_phase_01__sample_043__datum_mask.png,1343.0,255.0,1002.982177734375,263.3606262207031,1083.5,68.0,4.0,True,True,-80.517822265625,195.36062622070312,211.3028489626774,259.5,187.0,319.85817169489354
cortexvpu-01a-005-41884872_2026-06-19_17-35-41_933333_clip.ts,44,3,1,8,0.9463894367218018,0.9463894367218018,,,,,,phase_zero_alignment,c:\Users\TimKitchen\OneDrive\OneDrive - PurpleSector\03 Project Specific Documents\24H_INSIGHTS\24H_Insights\measurements\phase_aware_position_output\frames\phase_exports\phase_03__cortexvpu-01a-005-41884872_2026-06-19_17-35-41_933333_clip__cycle_0044__original_phase_01__sample_044.png,c:\Users\TimKitchen\OneDrive\OneDrive - PurpleSector\03 Project Specific Documents\24H_INSIGHTS\24H_Insights\measurements\phase_aware_position_output\masks\pitwall\phase_03__cortexvpu-01a-005-41884872_2026-06-19_17-35-41_933333_clip__cycle_0044__original_phase_01__sample_044__lapbar_mask.png,c:\Users\TimKitchen\OneDrive\OneDrive - PurpleSector\03 Project Specific Documents\24H_INSIGHTS\24H_Insights\measurements\phase_aware_position_output\masks\pitwall\phase_03__cortexvpu-01a-005-41884872_2026-06-19_17-35-41_933333_clip__cycle_0044__original_phase_01__sample_044__bottle_mask.png,c:\Users\TimKitchen\OneDrive\OneDrive - PurpleSector\03 Project Specific Documents\24H_INSIGHTS\24H_Insights\measurements\phase_aware_position_output\masks\pitwall\phase_03__cortexvpu-01a-005-41884872_2026-06-19_17-35-41_933333_clip__cycle_0044__original_phase_01__sample_044__datum_mask.png,1503.0,278.0,988.4137573242188,268.0344543457031,1083.5,68.0,5.0,True,True,-95.08624267578125,200.03445434570312,221.48403209166287,419.5,210.0,469.12711496991943
cortexvpu-01a-005-41884872_2026-06-19_17-35-41_933333_clip.ts,45,3,1,8,0.9463894367218018,0.9463894367218018,,,,,,phase_zero_alignment,c:\Users\TimKitchen\OneDrive\OneDrive - PurpleSector\03 Project Specific Documents\24H_INSIGHTS\24H_Insights\measurements\phase_aware_position_output\frames\phase_exports\phase_03__cortexvpu-01a-005-41884872_2026-06-19_17-35-41_933333_clip__cycle_0045__original_phase_01__sample_045.png,c:\Users\TimKitchen\OneDrive\OneDrive - PurpleSector\03 Project Specific Documents\24H_INSIGHTS\24H_Insights\measurements\phase_aware_position_output\masks\pitwall\phase_03__cortexvpu-01a-005-41884872_2026-06-19_17-35-41_933333_clip__cycle_0045__original_phase_01__sample_045__lapbar_mask.png,c:\Users\TimKitchen\OneDrive\OneDrive - PurpleSector\03 Project Specific Documents\24H_INSIGHTS\24H_Insights\measurements\phase_aware_position_output\masks\pitwall\phase_03__cortexvpu-01a-005-41884872_2026-06-19_17-35-41_933333_clip__cycle_0045__original_phase_01__sample_045__bottle_mask.png,c:\Users\TimKitchen\OneDrive\OneDrive - PurpleSector\03 Project Specific Documents\24H_INSIGHTS\24H_Insights\measurements\phase_aware_position_output\masks\pitwall\phase_03__cortexvpu-01a-005-41884872_2026-06-19_17-35-41_933333_clip__cycle_0045__original_phase_01__sample_045__datum_mask.png,1501.0,257.0,993.0266723632812,266.8638916015625,1083.5,68.0,5.0,True,True,-90.47332763671875,198.8638916015625,218.47716218538508,417.5,189.0,458.2873007186649
