data_present,start,end,valid_cycles,state,video_name,video_path,source,status,reason,n_cycles,cycle_frequency_hz,mean_cycle_frames,cycle_cv,reference_cycle_count,reference_cycle_frequency_hz,reference_mean_cycle_frames,cycle_frequency_ratio_to_reference,matches_reference_frequency,duration_s,fps,n_frames,detection_second,stoppage_context_clip_path,phase_error,inferred_stop_time,previous_video_name,next_video_name,gap_seconds_after_previous_video
y,2026-06-19_15-01-49,2026-06-19_15-03-04,y,typical_motion,cortexvpu-01a-005-41884872_2026-06-19_15-01-49_004271.ts,C:\Users\TimKitchen\OneDrive\OneDrive - PurpleSector\03 Project Specific Documents\24H_INSIGHTS\24H_Insights\video_coverage_log\phase_aware_motion_cv_log_output\s3_run\downloaded_videos\cortexvpu-01a-005-41884872_2026-06-19_15-01-49_004271.ts,s3://diageo-prod-global-dashcam-mc-nuc-video/cortexvpu-01a-005-41884872/cortexvpu-01a-005-41884872_2026-06-19_15-01-49_004271.ts,ok,,9,0.5672268907563025,105.77777777777776,0.0039303123810279,5.0,0.5675655222864062,273.4,0.9994033613445376,y,75.58333333333333,60.0,4535,1.2166666666666666,,,,,,
y,2026-06-19_15-03-04,2026-06-19_15-05-01,y,typical_motion,cortexvpu-01a-005-41884872_2026-06-19_15-03-04_400000.ts,C:\Users\TimKitchen\OneDrive\OneDrive - PurpleSector\03 Project Specific Documents\24H_INSIGHTS\24H_Insights\video_coverage_log\phase_aware_motion_cv_log_output\s3_run\downloaded_videos\cortexvpu-01a-005-41884872_2026-06-19_15-03-04_400000.ts,s3://diageo-prod-global-dashcam-mc-nuc-video/cortexvpu-01a-005-41884872/cortexvpu-01a-005-41884872_2026-06-19_15-03-04_400000.ts,ok,,5,0.5660377358490566,106.0,0.0133416373807523,5.0,0.5675655222864062,273.4,0.9973081761006288,y,116.63333333333334,60.0,6998,9.45,,,,,,
y,2026-06-19_15-04-58,2026-06-19_15-06-54,y,typical_motion,cortexvpu-01a-005-41884872_2026-06-19_15-04-58_021450.ts,C:\Users\TimKitchen\OneDrive\OneDrive - PurpleSector\03 Project Specific Documents\24H_INSIGHTS\24H_Insights\video_coverage_log\phase_aware_motion_cv_log_output\s3_run\downloaded_videos\cortexvpu-01a-005-41884872_2026-06-19_15-04-58_021450.ts,s3://diageo-prod-global-dashcam-mc-nuc-video/cortexvpu-01a-005-41884872/cortexvpu-01a-005-41884872_2026-06-19_15-04-58_021450.ts,ok,,9,0.5660377358490566,106.0,0.0077027979332077,5.0,0.5675655222864062,273.4,0.9973081761006288,y,116.66666666666669,60.0,7000,1.1166666666666667,,,,,,
y,2026-06-19_15-06-54,2026-06-19_15-08-50,y,typical_motion,cortexvpu-01a-005-41884872_2026-06-19_15-06-54_055726.ts,C:\Users\TimKitchen\OneDrive\OneDrive - PurpleSector\03 Project Specific Documents\24H_INSIGHTS\24H_Insights\video_coverage_log\phase_aware_motion_cv_log_output\s3_run\downloaded_videos\cortexvpu-01a-005-41884872_2026-06-19_15-06-54_055726.ts,s3://diageo-prod-global-dashcam-mc-nuc-video/cortexvpu-01a-005-41884872/cortexvpu-01a-005-41884872_2026-06-19_15-06-54_055726.ts,ok,,3,0.5660377358490566,106.0,0.0,5.0,0.5675655222864062,273.4,0.9973081761006288,y,116.6,60.0,6996,0.0833333333333333,,,,,,
y,2026-06-19_15-08-50,2026-06-19_15-10-46,y,typical_motion,cortexvpu-01a-005-41884872_2026-06-19_15-08-50_015167.ts,C:\Users\TimKitchen\OneDrive\OneDrive - PurpleSector\03 Project Specific Documents\24H_INSIGHTS\24H_Insights\video_coverage_log\phase_aware_motion_cv_log_output\s3_run\downloaded_videos\cortexvpu-01a-005-41884872_2026-06-19_15-08-50_015167.ts,s3://diageo-prod-global-dashcam-mc-nuc-video/cortexvpu-01a-005-41884872/cortexvpu-01a-005-41884872_2026-06-19_15-08-50_015167.ts,ok,,9,0.5672268907563025,105.77777777777776,0.0059420737914274,5.0,0.5675655222864062,273.4,0.9994033613445376,y,116.65,60.0,6999,0.4,,,,,,
y,2026-06-19_15-10-46,2026-06-19_15-12-42,y,typical_motion,cortexvpu-01a-005-41884872_2026-06-19_15-10-46_070918.ts,C:\Users\TimKitchen\OneDrive\OneDrive - PurpleSector\03 Project Specific Documents\24H_INSIGHTS\24H_Insights\video_coverage_log\phase_aware_motion_cv_log_output\s3_run\downloaded_videos\cortexvpu-01a-005-41884872_2026-06-19_15-10-46_070918.ts,s3://diageo-prod-global-dashcam-mc-nuc-video/cortexvpu-01a-005-41884872/cortexvpu-01a-005-41884872_2026-06-19_15-10-46_070918.ts,ok,,9,0.5660377358490566,106.0,0.0062893081760412,5.0,0.5675655222864062,273.4,0.9973081761006288,y,116.58333333333331,60.0,6995,0.7666666666666667,,,,,,
y,2026-06-19_15-12-41,2026-06-19_15-14-38,y,typical_motion,cortexvpu-01a-005-41884872_2026-06-19_15-12-41_987241.ts,C:\Users\TimKitchen\OneDrive\OneDrive - PurpleSector\03 Project Specific Documents\24H_INSIGHTS\24H_Insights\video_coverage_log\phase_aware_motion_cv_log_output\s3_run\downloaded_videos\cortexvpu-01a-005-41884872_2026-06-19_15-12-41_987241.ts,s3://diageo-prod-global-dashcam-mc-nuc-video/cortexvpu-01a-005-41884872/cortexvpu-01a-005-41884872_2026-06-19_15-12-41_987241.ts,ok,,9,0.5672268907563025,105.77777777777776,0.0059420737914274,5.0,0.5675655222864062,273.4,0.9994033613445376,y,116.68333333333334,60.0,7001,1.15,,,,,,
y,2026-06-19_15-14-38,2026-06-19_15-16-34,y,typical_motion,cortexvpu-01a-005-41884872_2026-06-19_15-14-38_088252.ts,C:\Users\TimKitchen\OneDrive\OneDrive - PurpleSector\03 Project Specific Documents\24H_INSIGHTS\24H_Insights\video_coverage_log\phase_aware_motion_cv_log_output\s3_run\downloaded_videos\cortexvpu-01a-005-41884872_2026-06-19_15-14-38_088252.ts,s3://diageo-prod-global-dashcam-mc-nuc-video/cortexvpu-01a-005-41884872/cortexvpu-01a-005-41884872_2026-06-19_15-14-38_088252.ts,ok,,13,0.5660377358490566,106.0,0.0037003044365346,5.0,0.5675655222864062,273.4,0.9973081761006288,y,116.58333333333331,60.0,6995,0.0833333333333333,,,,,,
y,2026-06-19_15-16-34,2026-06-19_15-18-30,y,typical_motion,cortexvpu-01a-005-41884872_2026-06-19_15-16-34_006640.ts,C:\Users\TimKitchen\OneDrive\OneDrive - PurpleSector\03 Project Specific Documents\24H_INSIGHTS\24H_Insights\video_coverage_log\phase_aware_motion_cv_log_output\s3_run\downloaded_videos\cortexvpu-01a-005-41884872_2026-06-19_15-16-34_006640.ts,s3://diageo-prod-global-dashcam-mc-nuc-video/cortexvpu-01a-005-41884872/cortexvpu-01a-005-41884872_2026-06-19_15-16-34_006640.ts,ok,,9,0.5672268907563025,105.77777777777776,0.0039303123810279,5.0,0.5675655222864062,273.4,0.9994033613445376,y,116.63333333333334,60.0,6998,0.4166666666666667,,,,,,
y,2026-06-19_15-18-30,2026-06-19_15-20-26,n,present_no_valid_cycles,cortexvpu-01a-005-41884872_2026-06-19_15-18-30_055714.ts,C:\Users\TimKitchen\OneDrive\OneDrive - PurpleSector\03 Project Specific Documents\24H_INSIGHTS\24H_Insights\video_coverage_log\phase_aware_motion_cv_log_output\s3_run\downloaded_videos\cortexvpu-01a-005-41884872_2026-06-19_15-18-30_055714.ts,s3://diageo-prod-global-dashcam-mc-nuc-video/cortexvpu-01a-005-41884872/cortexvpu-01a-005-41884872_2026-06-19_15-18-30_055714.ts,no_valid_cycles,"found 0 cycle(s), need 2",0,,,,5.0,0.5675655222864062,273.4,,,116.63333333333334,60.0,6998,0.5833333333333334,C:\Users\TimKitchen\OneDrive\OneDrive - PurpleSector\03 Project Specific Documents\24H_INSIGHTS\24H_Insights\video_coverage_log\phase_aware_motion_cv_log_output\s3_run\stoppage_context_clips\cortexvpu-01a-005-41884872_2026-06-19_15-18-30_055714__context.mp4,,,,,
y,2026-06-19_15-20-26,2026-06-19_15-20-28,n,present_no_valid_cycles,cortexvpu-01a-005-41884872_2026-06-19_15-20-26_042709.ts,C:\Users\TimKitchen\OneDrive\OneDrive - PurpleSector\03 Project Specific Documents\24H_INSIGHTS\24H_Insights\video_coverage_log\phase_aware_motion_cv_log_output\s3_run\downloaded_videos\cortexvpu-01a-005-41884872_2026-06-19_15-20-26_042709.ts,s3://diageo-prod-global-dashcam-mc-nuc-video/cortexvpu-01a-005-41884872/cortexvpu-01a-005-41884872_2026-06-19_15-20-26_042709.ts,no_valid_cycles,"found 0 cycle(s), need 2",0,,,,5.0,0.5675655222864062,273.4,,,2.0,60.0,120,1.0333333333333334,C:\Users\TimKitchen\OneDrive\OneDrive - PurpleSector\03 Project Specific Documents\24H_INSIGHTS\24H_Insights\video_coverage_log\phase_aware_motion_cv_log_output\s3_run\stoppage_context_clips\cortexvpu-01a-005-41884872_2026-06-19_15-20-26_042709__context.mp4,,,,,
y,2026-06-19_15-20-27,2026-06-19_15-21-01,y,typical_motion,cortexvpu-01a-005-41884872_2026-06-19_15-20-27_433333.ts,C:\Users\TimKitchen\OneDrive\OneDrive - PurpleSector\03 Project Specific Documents\24H_INSIGHTS\24H_Insights\video_coverage_log\phase_aware_motion_cv_log_output\s3_run\downloaded_videos\cortexvpu-01a-005-41884872_2026-06-19_15-20-27_433333.ts,s3://diageo-prod-global-dashcam-mc-nuc-video/cortexvpu-01a-005-41884872/cortexvpu-01a-005-41884872_2026-06-19_15-20-27_433333.ts,ok,,13,0.5648081100651702,106.23076923076924,0.0199361330887858,5.0,0.5675655222864062,273.4,0.9951416847694906,y,34.016666666666666,60.0,2041,0.3333333333333333,,,,,,
y,2026-06-19_15-20-58,2026-06-19_15-21-06,y,typical_motion,cortexvpu-01a-005-41884872_2026-06-19_15-20-58_433333.ts,C:\Users\TimKitchen\OneDrive\OneDrive - PurpleSector\03 Project Specific Documents\24H_INSIGHTS\24H_Insights\video_coverage_log\phase_aware_motion_cv_log_output\s3_run\downloaded_videos\cortexvpu-01a-005-41884872_2026-06-19_15-20-58_433333.ts,s3://diageo-prod-global-dashcam-mc-nuc-video/cortexvpu-01a-005-41884872/cortexvpu-01a-005-41884872_2026-06-19_15-20-58_433333.ts,ok,,3,0.5678233438485805,105.66666666666669,0.0089224830432789,5.0,0.5675655222864062,273.4,1.0004542586750789,y,8.016666666666667,60.0,481,1.0333333333333334,,,,,,
y,2026-06-19_15-21-03,2026-06-19_15-23-00,y,typical_motion,cortexvpu-01a-005-41884872_2026-06-19_15-21-03_433333.ts,C:\Users\TimKitchen\OneDrive\OneDrive - PurpleSector\03 Project Specific Documents\24H_INSIGHTS\24H_Insights\video_coverage_log\phase_aware_motion_cv_log_output\s3_run\downloaded_videos\cortexvpu-01a-005-41884872_2026-06-19_15-21-03_433333.ts,s3://diageo-prod-global-dashcam-mc-nuc-video/cortexvpu-01a-005-41884872/cortexvpu-01a-005-41884872_2026-06-19_15-21-03_433333.ts,ok,,6,0.5678233438485805,105.66666666666669,0.007053842200248,5.0,0.5675655222864062,273.4,1.0004542586750789,y,116.58333333333331,60.0,6995,1.65,,,,,,
y,2026-06-19_15-22-57,2026-06-19_15-24-46,y,typical_motion,cortexvpu-01a-005-41884872_2026-06-19_15-22-57_017063.ts,C:\Users\TimKitchen\OneDrive\OneDrive - PurpleSector\03 Project Specific Documents\24H_INSIGHTS\24H_Insights\video_coverage_log\phase_aware_motion_cv_log_output\s3_run\downloaded_videos\cortexvpu-01a-005-41884872_2026-06-19_15-22-57_017063.ts,s3://diageo-prod-global-dashcam-mc-nuc-video/cortexvpu-01a-005-41884872/cortexvpu-01a-005-41884872_2026-06-19_15-22-57_017063.ts,ok,,3,0.5678233438485805,105.66666666666669,0.0044612415216394,5.0,0.5675655222864062,273.4,1.0004542586750789,y,109.25,60.0,6555,0.2666666666666666,,,,,,
y,2026-06-19_15-24-45,2026-06-19_15-26-31,y,typical_motion,cortexvpu-01a-005-41884872_2026-06-19_15-24-45_933333.ts,C:\Users\TimKitchen\OneDrive\OneDrive - PurpleSector\03 Project Specific Documents\24H_INSIGHTS\24H_Insights\video_coverage_log\phase_aware_motion_cv_log_output\s3_run\downloaded_videos\cortexvpu-01a-005-41884872_2026-06-19_15-24-45_933333.ts,s3://diageo-prod-global-dashcam-mc-nuc-video/cortexvpu-01a-005-41884872/cortexvpu-01a-005-41884872_2026-06-19_15-24-45_933333.ts,ok,,7,0.5698778833107191,105.28571428571428,0.0411553619754655,5.0,0.5675655222864062,273.4,1.004074174581637,y,105.51666666666668,60.0,6331,0.2333333333333333,,,,,,
y,2026-06-19_15-26-28,2026-06-19_15-28-06,y,typical_motion,cortexvpu-01a-005-41884872_2026-06-19_15-26-28_433333.ts,C:\Users\TimKitchen\OneDrive\OneDrive - PurpleSector\03 Project Specific Documents\24H_INSIGHTS\24H_Insights\video_coverage_log\phase_aware_motion_cv_log_output\s3_run\downloaded_videos\cortexvpu-01a-005-41884872_2026-06-19_15-26-28_433333.ts,s3://diageo-prod-global-dashcam-mc-nuc-video/cortexvpu-01a-005-41884872/cortexvpu-01a-005-41884872_2026-06-19_15-26-28_433333.ts,ok,,6,0.5669291338582677,105.83333333333331,0.0064930797253207,5.0,0.5675655222864062,273.4,0.9988787401574802,y,97.81666666666666,60.0,5869,8.2,,,,,,
y,2026-06-19_15-28-03,2026-06-19_15-29-32,y,typical_motion,cortexvpu-01a-005-41884872_2026-06-19_15-28-03_933333.ts,C:\Users\TimKitchen\OneDrive\OneDrive - PurpleSector\03 Project Specific Documents\24H_INSIGHTS\24H_Insights\video_coverage_log\phase_aware_motion_cv_log_output\s3_run\downloaded_videos\cortexvpu-01a-005-41884872_2026-06-19_15-28-03_933333.ts,s3://diageo-prod-global-dashcam-mc-nuc-video/cortexvpu-01a-005-41884872/cortexvpu-01a-005-41884872_2026-06-19_15-28-03_933333.ts,ok,,10,0.5660377358490566,106.0,0.004218996183922,5.0,0.5675655222864062,273.4,0.9973081761006288,y,88.88333333333334,60.0,5333,1.5166666666666666,,,,,,
y,2026-06-19_15-29-29,2026-06-19_15-31-26,n,present_no_valid_cycles,cortexvpu-01a-005-41884872_2026-06-19_15-29-29_450000.ts,C:\Users\TimKitchen\OneDrive\OneDrive - PurpleSector\03 Project Specific Documents\24H_INSIGHTS\24H_Insights\video_coverage_log\phase_aware_motion_cv_log_output\s3_run\downloaded_videos\cortexvpu-01a-005-41884872_2026-06-19_15-29-29_450000.ts,s3://diageo-prod-global-dashcam-mc-nuc-video/cortexvpu-01a-005-41884872/cortexvpu-01a-005-41884872_2026-06-19_15-29-29_450000.ts,no_valid_cycles,"found 0 cycle(s), need 2",0,,,,5.0,0.5675655222864062,273.4,,,116.65,60.0,6999,0.1,C:\Users\TimKitchen\OneDrive\OneDrive - PurpleSector\03 Project Specific Documents\24H_INSIGHTS\24H_Insights\video_coverage_log\phase_aware_motion_cv_log_output\s3_run\stoppage_context_clips\cortexvpu-01a-005-41884872_2026-06-19_15-29-29_450000__context.mp4,,,,,
y,2026-06-19_15-31-23,2026-06-19_15-33-20,y,typical_motion,cortexvpu-01a-005-41884872_2026-06-19_15-31-23_588934.ts,C:\Users\TimKitchen\OneDrive\OneDrive - PurpleSector\03 Project Specific Documents\24H_INSIGHTS\24H_Insights\video_coverage_log\phase_aware_motion_cv_log_output\s3_run\downloaded_videos\cortexvpu-01a-005-41884872_2026-06-19_15-31-23_588934.ts,s3://diageo-prod-global-dashcam-mc-nuc-video/cortexvpu-01a-005-41884872/cortexvpu-01a-005-41884872_2026-06-19_15-31-23_588934.ts,ok,,9,0.5660377358490566,106.0,0.0125786163520825,5.0,0.5675655222864062,273.4,0.9973081761006288,y,116.65,60.0,6999,0.9833333333333332,,,,,,
y,2026-06-19_15-33-19,2026-06-19_15-35-01,y,typical_motion,cortexvpu-01a-005-41884872_2026-06-19_15-33-19_090601.ts,C:\Users\TimKitchen\OneDrive\OneDrive - PurpleSector\03 Project Specific Documents\24H_INSIGHTS\24H_Insights\video_coverage_log\phase_aware_motion_cv_log_output\s3_run\downloaded_videos\cortexvpu-01a-005-41884872_2026-06-19_15-33-19_090601.ts,s3://diageo-prod-global-dashcam-mc-nuc-video/cortexvpu-01a-005-41884872/cortexvpu-01a-005-41884872_2026-06-19_15-33-19_090601.ts,ok,,3,0.5678233438485805,105.66666666666669,0.0044612415216394,5.0,0.5675655222864062,273.4,1.0004542586750789,y,102.53333333333332,60.0,6152,1.1166666666666667,,,,,,
y,2026-06-19_15-35-00,2026-06-19_15-36-57,y,typical_motion,cortexvpu-01a-005-41884872_2026-06-19_15-35-00_933333.ts,C:\Users\TimKitchen\OneDrive\OneDrive - PurpleSector\03 Project Specific Documents\24H_INSIGHTS\24H_Insights\video_coverage_log\phase_aware_motion_cv_log_output\s3_run\downloaded_videos\cortexvpu-01a-005-41884872_2026-06-19_15-35-00_933333.ts,s3://diageo-prod-global-dashcam-mc-nuc-video/cortexvpu-01a-005-41884872/cortexvpu-01a-005-41884872_2026-06-19_15-35-00_933333.ts,ok,,8,0.5667060212514758,105.875,0.0056621387523818,5.0,0.5675655222864062,273.4,0.9984856355765448,y,116.6,60.0,6996,0.2166666666666666,,,,,,
y,2026-06-19_15-36-54,2026-06-19_15-37-43,y,typical_motion,cortexvpu-01a-005-41884872_2026-06-19_15-36-54_054821.ts,C:\Users\TimKitchen\OneDrive\OneDrive - PurpleSector\03 Project Specific Documents\24H_INSIGHTS\24H_Insights\video_coverage_log\phase_aware_motion_cv_log_output\s3_run\downloaded_videos\cortexvpu-01a-005-41884872_2026-06-19_15-36-54_054821.ts,s3://diageo-prod-global-dashcam-mc-nuc-video/cortexvpu-01a-005-41884872/cortexvpu-01a-005-41884872_2026-06-19_15-36-54_054821.ts,ok,,3,0.5660377358490566,106.0,0.0,5.0,0.5675655222864062,273.4,0.9973081761006288,y,49.7,60.0,2982,0.5,,,,,,
y,2026-06-19_15-37-43,2026-06-19_15-39-40,y,typical_motion,cortexvpu-01a-005-41884872_2026-06-19_15-37-43_933333.ts,C:\Users\TimKitchen\OneDrive\OneDrive - PurpleSector\03 Project Specific Documents\24H_INSIGHTS\24H_Insights\video_coverage_log\phase_aware_motion_cv_log_output\s3_run\downloaded_videos\cortexvpu-01a-005-41884872_2026-06-19_15-37-43_933333.ts,s3://diageo-prod-global-dashcam-mc-nuc-video/cortexvpu-01a-005-41884872/cortexvpu-01a-005-41884872_2026-06-19_15-37-43_933333.ts,ok,,3,0.5642633228840126,106.33333333333331,0.0117293335007484,5.0,0.5675655222864062,273.4,0.9941818181818182,y,116.65,60.0,6999,1.3333333333333333,,,,,,
y,2026-06-19_15-39-37,2026-06-19_15-39-42,n,present_no_valid_cycles,cortexvpu-01a-005-41884872_2026-06-19_15-39-37_091643.ts,C:\Users\TimKitchen\OneDrive\OneDrive - PurpleSector\03 Project Specific Documents\24H_INSIGHTS\24H_Insights\video_coverage_log\phase_aware_motion_cv_log_output\s3_run\downloaded_videos\cortexvpu-01a-005-41884872_2026-06-19_15-39-37_091643.ts,s3://diageo-prod-global-dashcam-mc-nuc-video/cortexvpu-01a-005-41884872/cortexvpu-01a-005-41884872_2026-06-19_15-39-37_091643.ts,no_valid_cycles,"found 0 cycle(s), need 2",0,,,,5.0,0.5675655222864062,273.4,,,5.05,60.0,303,0.0333333333333333,C:\Users\TimKitchen\OneDrive\OneDrive - PurpleSector\03 Project Specific Documents\24H_INSIGHTS\24H_Insights\video_coverage_log\phase_aware_motion_cv_log_output\s3_run\stoppage_context_clips\cortexvpu-01a-005-41884872_2026-06-19_15-39-37_091643__context.mp4,,,,,
y,2026-06-19_15-39-41,2026-06-19_15-39-50,y,typical_motion,cortexvpu-01a-005-41884872_2026-06-19_15-39-41_466667.ts,C:\Users\TimKitchen\OneDrive\OneDrive - PurpleSector\03 Project Specific Documents\24H_INSIGHTS\24H_Insights\video_coverage_log\phase_aware_motion_cv_log_output\s3_run\downloaded_videos\cortexvpu-01a-005-41884872_2026-06-19_15-39-41_466667.ts,s3://diageo-prod-global-dashcam-mc-nuc-video/cortexvpu-01a-005-41884872/cortexvpu-01a-005-41884872_2026-06-19_15-39-41_466667.ts,ok,,3,0.5660377358490566,106.0,0.0,5.0,0.5675655222864062,273.4,0.9973081761006288,y,9.066666666666666,60.0,544,1.2166666666666666,,,,,,
y,2026-06-19_15-39-47,2026-06-19_15-40-45,y,typical_motion,cortexvpu-01a-005-41884872_2026-06-19_15-39-47_466667.ts,C:\Users\TimKitchen\OneDrive\OneDrive - PurpleSector\03 Project Specific Documents\24H_INSIGHTS\24H_Insights\video_coverage_log\phase_aware_motion_cv_log_output\s3_run\downloaded_videos\cortexvpu-01a-005-41884872_2026-06-19_15-39-47_466667.ts,s3://diageo-prod-global-dashcam-mc-nuc-video/cortexvpu-01a-005-41884872/cortexvpu-01a-005-41884872_2026-06-19_15-39-47_466667.ts,ok,,13,0.5656272661348803,106.07692307692308,0.0331677929685902,5.0,0.5675655222864062,273.4,0.9965849649504472,y,58.1,60.0,3486,0.65,,,,,,
y,2026-06-19_15-40-44,2026-06-19_15-40-58,y,typical_motion,cortexvpu-01a-005-41884872_2026-06-19_15-40-44_000000.ts,C:\Users\TimKitchen\OneDrive\OneDrive - PurpleSector\03 Project Specific Documents\24H_INSIGHTS\24H_Insights\video_coverage_log\phase_aware_motion_cv_log_output\s3_run\downloaded_videos\cortexvpu-01a-005-41884872_2026-06-19_15-40-44_000000.ts,s3://diageo-prod-global-dashcam-mc-nuc-video/cortexvpu-01a-005-41884872/cortexvpu-01a-005-41884872_2026-06-19_15-40-44_000000.ts,ok,,6,0.5687203791469194,105.5,0.0072394560741112,5.0,0.5675655222864062,273.4,1.0020347551342812,y,14.133333333333333,60.0,848,1.05,,,,,,
y,2026-06-19_15-40-54,2026-06-19_15-42-11,y,typical_motion,cortexvpu-01a-005-41884872_2026-06-19_15-40-54_933333.ts,C:\Users\TimKitchen\OneDrive\OneDrive - PurpleSector\03 Project Specific Documents\24H_INSIGHTS\24H_Insights\video_coverage_log\phase_aware_motion_cv_log_output\s3_run\downloaded_videos\cortexvpu-01a-005-41884872_2026-06-19_15-40-54_933333.ts,s3://diageo-prod-global-dashcam-mc-nuc-video/cortexvpu-01a-005-41884872/cortexvpu-01a-005-41884872_2026-06-19_15-40-54_933333.ts,ok,,12,0.5669291338582677,105.83333333333331,0.0064930797253207,5.0,0.5675655222864062,273.4,0.9988787401574802,y,76.18333333333334,60.0,4571,0.6666666666666666,,,,,,
y,2026-06-19_15-42-08,2026-06-19_15-42-41,y,typical_motion,cortexvpu-01a-005-41884872_2026-06-19_15-42-08_000000.ts,C:\Users\TimKitchen\OneDrive\OneDrive - PurpleSector\03 Project Specific Documents\24H_INSIGHTS\24H_Insights\video_coverage_log\phase_aware_motion_cv_log_output\s3_run\downloaded_videos\cortexvpu-01a-005-41884872_2026-06-19_15-42-08_000000.ts,s3://diageo-prod-global-dashcam-mc-nuc-video/cortexvpu-01a-005-41884872/cortexvpu-01a-005-41884872_2026-06-19_15-42-08_000000.ts,ok,,12,0.5660377358490566,106.0,0.0038513989666038,5.0,0.5675655222864062,273.4,0.9973081761006288,y,33.21666666666667,60.0,1993,0.1833333333333333,,,,,,
y,2026-06-19_15-42-37,2026-06-19_15-42-46,y,typical_motion,cortexvpu-01a-005-41884872_2026-06-19_15-42-37_933333.ts,C:\Users\TimKitchen\OneDrive\OneDrive - PurpleSector\03 Project Specific Documents\24H_INSIGHTS\24H_Insights\video_coverage_log\phase_aware_motion_cv_log_output\s3_run\downloaded_videos\cortexvpu-01a-005-41884872_2026-06-19_15-42-37_933333.ts,s3://diageo-prod-global-dashcam-mc-nuc-video/cortexvpu-01a-005-41884872/cortexvpu-01a-005-41884872_2026-06-19_15-42-37_933333.ts,ok,,3,0.5660377358490566,106.0,0.0,5.0,0.5675655222864062,273.4,0.9973081761006288,y,8.216666666666667,60.0,493,0.1833333333333333,,,,,,
y,2026-06-19_15-42-43,2026-06-19_15-44-22,y,typical_motion,cortexvpu-01a-005-41884872_2026-06-19_15-42-43_466667.ts,C:\Users\TimKitchen\OneDrive\OneDrive - PurpleSector\03 Project Specific Documents\24H_INSIGHTS\24H_Insights\video_coverage_log\phase_aware_motion_cv_log_output\s3_run\downloaded_videos\cortexvpu-01a-005-41884872_2026-06-19_15-42-43_466667.ts,s3://diageo-prod-global-dashcam-mc-nuc-video/cortexvpu-01a-005-41884872/cortexvpu-01a-005-41884872_2026-06-19_15-42-43_466667.ts,ok,,11,0.5674978503869303,105.72727272727272,0.0042123641320034,5.0,0.5675655222864062,273.4,0.9998807681284034,y,99.31666666666666,60.0,5959,1.05,,,,,,
y,2026-06-19_15-44-20,2026-06-19_15-44-50,y,typical_motion,cortexvpu-01a-005-41884872_2026-06-19_15-44-20_000000.ts,C:\Users\TimKitchen\OneDrive\OneDrive - PurpleSector\03 Project Specific Documents\24H_INSIGHTS\24H_Insights\video_coverage_log\phase_aware_motion_cv_log_output\s3_run\downloaded_videos\cortexvpu-01a-005-41884872_2026-06-19_15-44-20_000000.ts,s3://diageo-prod-global-dashcam-mc-nuc-video/cortexvpu-01a-005-41884872/cortexvpu-01a-005-41884872_2026-06-19_15-44-20_000000.ts,ok,,10,0.5660377358490566,106.0,0.0119331232458058,5.0,0.5675655222864062,273.4,0.9973081761006288,y,30.33333333333333,60.0,1820,0.3833333333333333,,,,,,
y,2026-06-19_15-44-47,2026-06-19_15-45-05,y,typical_motion,cortexvpu-01a-005-41884872_2026-06-19_15-44-47_466667.ts,C:\Users\TimKitchen\OneDrive\OneDrive - PurpleSector\03 Project Specific Documents\24H_INSIGHTS\24H_Insights\video_coverage_log\phase_aware_motion_cv_log_output\s3_run\downloaded_videos\cortexvpu-01a-005-41884872_2026-06-19_15-44-47_466667.ts,s3://diageo-prod-global-dashcam-mc-nuc-video/cortexvpu-01a-005-41884872/cortexvpu-01a-005-41884872_2026-06-19_15-44-47_466667.ts,ok,,8,0.5653710247349824,106.125,0.0452977256133055,5.0,0.5675655222864062,273.4,0.9961334903808402,y,18.35,60.0,1101,0.6,,,,,,
y,2026-06-19_15-45-02,2026-06-19_15-46-59,y,typical_motion,cortexvpu-01a-005-41884872_2026-06-19_15-45-02_933333.ts,C:\Users\TimKitchen\OneDrive\OneDrive - PurpleSector\03 Project Specific Documents\24H_INSIGHTS\24H_Insights\video_coverage_log\phase_aware_motion_cv_log_output\s3_run\downloaded_videos\cortexvpu-01a-005-41884872_2026-06-19_15-45-02_933333.ts,s3://diageo-prod-global-dashcam-mc-nuc-video/cortexvpu-01a-005-41884872/cortexvpu-01a-005-41884872_2026-06-19_15-45-02_933333.ts,ok,,13,0.5664488017429194,105.92307692307692,0.0058097312998725,5.0,0.5675655222864062,273.4,0.9980324376664246,y,116.6,60.0,6996,0.0833333333333333,,,,,,
y,2026-06-19_15-46-56,2026-06-19_15-48-35,y,typical_motion,cortexvpu-01a-005-41884872_2026-06-19_15-46-56_059667.ts,C:\Users\TimKitchen\OneDrive\OneDrive - PurpleSector\03 Project Specific Documents\24H_INSIGHTS\24H_Insights\video_coverage_log\phase_aware_motion_cv_log_output\s3_run\downloaded_videos\cortexvpu-01a-005-41884872_2026-06-19_15-46-56_059667.ts,s3://diageo-prod-global-dashcam-mc-nuc-video/cortexvpu-01a-005-41884872/cortexvpu-01a-005-41884872_2026-06-19_15-46-56_059667.ts,ok,,7,0.5660377358490566,106.0,0.0050426649416962,5.0,0.5675655222864062,273.4,0.9973081761006288,y,99.56666666666666,60.0,5974,0.2666666666666666,,,,,,
y,2026-06-19_15-48-35,2026-06-19_15-50-31,n,present_no_valid_cycles,cortexvpu-01a-005-41884872_2026-06-19_15-48-35_000000.ts,C:\Users\TimKitchen\OneDrive\OneDrive - PurpleSector\03 Project Specific Documents\24H_INSIGHTS\24H_Insights\video_coverage_log\phase_aware_motion_cv_log_output\s3_run\downloaded_videos\cortexvpu-01a-005-41884872_2026-06-19_15-48-35_000000.ts,s3://diageo-prod-global-dashcam-mc-nuc-video/cortexvpu-01a-005-41884872/cortexvpu-01a-005-41884872_2026-06-19_15-48-35_000000.ts,no_valid_cycles,"found 0 cycle(s), need 2",0,,,,5.0,0.5675655222864062,273.4,,,116.61666666666666,60.0,6997,1.4,C:\Users\TimKitchen\OneDrive\OneDrive - PurpleSector\03 Project Specific Documents\24H_INSIGHTS\24H_Insights\video_coverage_log\phase_aware_motion_cv_log_output\s3_run\stoppage_context_clips\cortexvpu-01a-005-41884872_2026-06-19_15-48-35_000000__context.mp4,,,,,
y,2026-06-19_15-50-28,2026-06-19_15-52-24,y,typical_motion,cortexvpu-01a-005-41884872_2026-06-19_15-50-28_089083.ts,C:\Users\TimKitchen\OneDrive\OneDrive - PurpleSector\03 Project Specific Documents\24H_INSIGHTS\24H_Insights\video_coverage_log\phase_aware_motion_cv_log_output\s3_run\downloaded_videos\cortexvpu-01a-005-41884872_2026-06-19_15-50-28_089083.ts,s3://diageo-prod-global-dashcam-mc-nuc-video/cortexvpu-01a-005-41884872/cortexvpu-01a-005-41884872_2026-06-19_15-50-28_089083.ts,ok,,9,0.5678233438485805,105.66666666666669,0.0154541939606308,5.0,0.5675655222864062,273.4,1.0004542586750789,y,116.6,60.0,6996,0.1,,,,,,
y,2026-06-19_15-52-24,2026-06-19_15-54-20,y,typical_motion,cortexvpu-01a-005-41884872_2026-06-19_15-52-24_067810.ts,C:\Users\TimKitchen\OneDrive\OneDrive - PurpleSector\03 Project Specific Documents\24H_INSIGHTS\24H_Insights\video_coverage_log\phase_aware_motion_cv_log_output\s3_run\downloaded_videos\cortexvpu-01a-005-41884872_2026-06-19_15-52-24_067810.ts,s3://diageo-prod-global-dashcam-mc-nuc-video/cortexvpu-01a-005-41884872/cortexvpu-01a-005-41884872_2026-06-19_15-52-24_067810.ts,ok,,5,0.5524861878453039,108.6,0.0482349939358681,5.0,0.5675655222864062,273.4,0.9734315531000614,y,116.6,60.0,6996,0.4833333333333333,,,,,,
y,2026-06-19_15-54-20,2026-06-19_15-56-16,n,present_no_valid_cycles,cortexvpu-01a-005-41884872_2026-06-19_15-54-20_060566.ts,C:\Users\TimKitchen\OneDrive\OneDrive - PurpleSector\03 Project Specific Documents\24H_INSIGHTS\24H_Insights\video_coverage_log\phase_aware_motion_cv_log_output\s3_run\downloaded_videos\cortexvpu-01a-005-41884872_2026-06-19_15-54-20_060566.ts,s3://diageo-prod-global-dashcam-mc-nuc-video/cortexvpu-01a-005-41884872/cortexvpu-01a-005-41884872_2026-06-19_15-54-20_060566.ts,no_valid_cycles,"found 0 cycle(s), need 2",0,,,,5.0,0.5675655222864062,273.4,,,116.61666666666666,60.0,6997,6.233333333333333,C:\Users\TimKitchen\OneDrive\OneDrive - PurpleSector\03 Project Specific Documents\24H_INSIGHTS\24H_Insights\video_coverage_log\phase_aware_motion_cv_log_output\s3_run\stoppage_context_clips\cortexvpu-01a-005-41884872_2026-06-19_15-54-20_060566__context.mp4,,,,,
y,2026-06-19_15-56-16,2026-06-19_15-58-12,y,typical_motion,cortexvpu-01a-005-41884872_2026-06-19_15-56-16_087857.ts,C:\Users\TimKitchen\OneDrive\OneDrive - PurpleSector\03 Project Specific Documents\24H_INSIGHTS\24H_Insights\video_coverage_log\phase_aware_motion_cv_log_output\s3_run\downloaded_videos\cortexvpu-01a-005-41884872_2026-06-19_15-56-16_087857.ts,s3://diageo-prod-global-dashcam-mc-nuc-video/cortexvpu-01a-005-41884872/cortexvpu-01a-005-41884872_2026-06-19_15-56-16_087857.ts,ok,,3,0.5660377358490566,106.0,0.0154055958664155,5.0,0.5675655222864062,273.4,0.9973081761006288,y,116.65,60.0,6999,0.45,,,,,,
y,2026-06-19_15-58-12,2026-06-19_16-00-08,y,typical_motion,cortexvpu-01a-005-41884872_2026-06-19_15-58-12_108528.ts,C:\Users\TimKitchen\OneDrive\OneDrive - PurpleSector\03 Project Specific Documents\24H_INSIGHTS\24H_Insights\video_coverage_log\phase_aware_motion_cv_log_output\s3_run\downloaded_videos\cortexvpu-01a-005-41884872_2026-06-19_15-58-12_108528.ts,s3://diageo-prod-global-dashcam-mc-nuc-video/cortexvpu-01a-005-41884872/cortexvpu-01a-005-41884872_2026-06-19_15-58-12_108528.ts,ok,,4,0.5647058823529412,106.25,0.0122262409944887,5.0,0.5675655222864062,273.4,0.9949615686274508,y,116.63333333333334,60.0,6998,0.8666666666666667,,,,,,
y,2026-06-19_16-00-08,2026-06-19_16-01-27,y,typical_motion,cortexvpu-01a-005-41884872_2026-06-19_16-00-08_101391.ts,C:\Users\TimKitchen\OneDrive\OneDrive - PurpleSector\03 Project Specific Documents\24H_INSIGHTS\24H_Insights\video_coverage_log\phase_aware_motion_cv_log_output\s3_run\downloaded_videos\cortexvpu-01a-005-41884872_2026-06-19_16-00-08_101391.ts,s3://diageo-prod-global-dashcam-mc-nuc-video/cortexvpu-01a-005-41884872/cortexvpu-01a-005-41884872_2026-06-19_16-00-08_101391.ts,ok,,7,0.5652759084791387,106.14285714285714,0.0154631565181262,5.0,0.5675655222864062,273.4,0.995965903992822,y,79.45,60.0,4767,0.9166666666666666,,,,,,
y,2026-06-19_16-01-27,2026-06-19_16-02-04,y,typical_motion,cortexvpu-01a-005-41884872_2026-06-19_16-01-27_500000.ts,C:\Users\TimKitchen\OneDrive\OneDrive - PurpleSector\03 Project Specific Documents\24H_INSIGHTS\24H_Insights\video_coverage_log\phase_aware_motion_cv_log_output\s3_run\downloaded_videos\cortexvpu-01a-005-41884872_2026-06-19_16-01-27_500000.ts,s3://diageo-prod-global-dashcam-mc-nuc-video/cortexvpu-01a-005-41884872/cortexvpu-01a-005-41884872_2026-06-19_16-01-27_500000.ts,ok,,5,0.5576208178438662,107.6,0.034574489289155,5.0,0.5675655222864062,273.4,0.9824783147459728,y,37.48333333333333,60.0,2249,5.233333333333333,,,,,,
y,2026-06-19_16-02-02,2026-06-19_16-02-59,y,typical_motion,cortexvpu-01a-005-41884872_2026-06-19_16-02-02_500000.ts,C:\Users\TimKitchen\OneDrive\OneDrive - PurpleSector\03 Project Specific Documents\24H_INSIGHTS\24H_Insights\video_coverage_log\phase_aware_motion_cv_log_output\s3_run\downloaded_videos\cortexvpu-01a-005-41884872_2026-06-19_16-02-02_500000.ts,s3://diageo-prod-global-dashcam-mc-nuc-video/cortexvpu-01a-005-41884872/cortexvpu-01a-005-41884872_2026-06-19_16-02-02_500000.ts,ok,,12,0.561622464898596,106.83333333333331,0.0418317868257922,5.0,0.5675655222864062,273.4,0.9895288611544464,y,56.516666666666666,60.0,3391,0.8,,,,,,
y,2026-06-19_16-02-55,2026-06-19_16-03-06,y,typical_motion,cortexvpu-01a-005-41884872_2026-06-19_16-02-55_933333.ts,C:\Users\TimKitchen\OneDrive\OneDrive - PurpleSector\03 Project Specific Documents\24H_INSIGHTS\24H_Insights\video_coverage_log\phase_aware_motion_cv_log_output\s3_run\downloaded_videos\cortexvpu-01a-005-41884872_2026-06-19_16-02-55_933333.ts,s3://diageo-prod-global-dashcam-mc-nuc-video/cortexvpu-01a-005-41884872/cortexvpu-01a-005-41884872_2026-06-19_16-02-55_933333.ts,ok,,4,0.5647058823529412,106.25,0.0040754136648295,5.0,0.5675655222864062,273.4,0.9949615686274508,y,10.533333333333331,60.0,632,0.65,,,,,,
y,2026-06-19_16-03-02,2026-06-19_16-04-59,y,typical_motion,cortexvpu-01a-005-41884872_2026-06-19_16-03-02_933333.ts,C:\Users\TimKitchen\OneDrive\OneDrive - PurpleSector\03 Project Specific Documents\24H_INSIGHTS\24H_Insights\video_coverage_log\phase_aware_motion_cv_log_output\s3_run\downloaded_videos\cortexvpu-01a-005-41884872_2026-06-19_16-03-02_933333.ts,s3://diageo-prod-global-dashcam-mc-nuc-video/cortexvpu-01a-005-41884872/cortexvpu-01a-005-41884872_2026-06-19_16-03-02_933333.ts,ok,,10,0.5714285714285714,105.0,0.0240935440772439,5.0,0.5675655222864062,273.4,1.006806349206349,y,116.65,60.0,6999,0.8833333333333333,,,,,,
y,2026-06-19_16-04-56,2026-06-19_16-05-02,n,present_no_valid_cycles,cortexvpu-01a-005-41884872_2026-06-19_16-04-56_133051.ts,C:\Users\TimKitchen\OneDrive\OneDrive - PurpleSector\03 Project Specific Documents\24H_INSIGHTS\24H_Insights\video_coverage_log\phase_aware_motion_cv_log_output\s3_run\downloaded_videos\cortexvpu-01a-005-41884872_2026-06-19_16-04-56_133051.ts,s3://diageo-prod-global-dashcam-mc-nuc-video/cortexvpu-01a-005-41884872/cortexvpu-01a-005-41884872_2026-06-19_16-04-56_133051.ts,no_valid_cycles,"found 0 cycle(s), need 2",0,,,,5.0,0.5675655222864062,273.4,,,6.783333333333333,60.0,407,1.1333333333333333,C:\Users\TimKitchen\OneDrive\OneDrive - PurpleSector\03 Project Specific Documents\24H_INSIGHTS\24H_Insights\video_coverage_log\phase_aware_motion_cv_log_output\s3_run\stoppage_context_clips\cortexvpu-01a-005-41884872_2026-06-19_16-04-56_133051__context.mp4,,,,,
y,2026-06-19_16-05-02,2026-06-19_16-06-59,n,present_no_valid_cycles,cortexvpu-01a-005-41884872_2026-06-19_16-05-02_500000.ts,C:\Users\TimKitchen\OneDrive\OneDrive - PurpleSector\03 Project Specific Documents\24H_INSIGHTS\24H_Insights\video_coverage_log\phase_aware_motion_cv_log_output\s3_run\downloaded_videos\cortexvpu-01a-005-41884872_2026-06-19_16-05-02_500000.ts,s3://diageo-prod-global-dashcam-mc-nuc-video/cortexvpu-01a-005-41884872/cortexvpu-01a-005-41884872_2026-06-19_16-05-02_500000.ts,no_valid_cycles,"found 0 cycle(s), need 2",0,,,,5.0,0.5675655222864062,273.4,,,116.6,60.0,6996,0.4,C:\Users\TimKitchen\OneDrive\OneDrive - PurpleSector\03 Project Specific Documents\24H_INSIGHTS\24H_Insights\video_coverage_log\phase_aware_motion_cv_log_output\s3_run\stoppage_context_clips\cortexvpu-01a-005-41884872_2026-06-19_16-05-02_500000__context.mp4,,,,,
y,2026-06-19_16-06-56,2026-06-19_16-08-52,y,typical_motion,cortexvpu-01a-005-41884872_2026-06-19_16-06-56_093845.ts,C:\Users\TimKitchen\OneDrive\OneDrive - PurpleSector\03 Project Specific Documents\24H_INSIGHTS\24H_Insights\video_coverage_log\phase_aware_motion_cv_log_output\s3_run\downloaded_videos\cortexvpu-01a-005-41884872_2026-06-19_16-06-56_093845.ts,s3://diageo-prod-global-dashcam-mc-nuc-video/cortexvpu-01a-005-41884872/cortexvpu-01a-005-41884872_2026-06-19_16-06-56_093845.ts,ok,,3,0.5454545454545454,110.0,0.0589158245304449,5.0,0.5675655222864062,273.4,0.961042424242424,y,116.65,60.0,6999,1.05,,,,,,
y,2026-06-19_16-08-52,2026-06-19_16-10-48,y,typical_motion,cortexvpu-01a-005-41884872_2026-06-19_16-08-52_138799.ts,C:\Users\TimKitchen\OneDrive\OneDrive - PurpleSector\03 Project Specific Documents\24H_INSIGHTS\24H_Insights\video_coverage_log\phase_aware_motion_cv_log_output\s3_run\downloaded_videos\cortexvpu-01a-005-41884872_2026-06-19_16-08-52_138799.ts,s3://diageo-prod-global-dashcam-mc-nuc-video/cortexvpu-01a-005-41884872/cortexvpu-01a-005-41884872_2026-06-19_16-08-52_138799.ts,ok,,9,0.5666316894018888,105.88888888888889,0.005350492668987,5.0,0.5675655222864062,273.4,0.998354669464848,y,116.63333333333334,60.0,6998,0.5333333333333333,,,,,,
y,2026-06-19_16-10-48,2026-06-19_16-12-44,y,typical_motion,cortexvpu-01a-005-41884872_2026-06-19_16-10-48_132357.ts,C:\Users\TimKitchen\OneDrive\OneDrive - PurpleSector\03 Project Specific Documents\24H_INSIGHTS\24H_Insights\video_coverage_log\phase_aware_motion_cv_log_output\s3_run\downloaded_videos\cortexvpu-01a-005-41884872_2026-06-19_16-10-48_132357.ts,s3://diageo-prod-global-dashcam-mc-nuc-video/cortexvpu-01a-005-41884872/cortexvpu-01a-005-41884872_2026-06-19_16-10-48_132357.ts,ok,,9,0.5648535564853556,106.22222222222224,0.0261715397553954,5.0,0.5675655222864062,273.4,0.9952217573221755,y,116.65,60.0,6999,0.85,,,,,,
y,2026-06-19_16-12-44,2026-06-19_16-13-36,y,typical_motion,cortexvpu-01a-005-41884872_2026-06-19_16-12-44_115306.ts,C:\Users\TimKitchen\OneDrive\OneDrive - PurpleSector\03 Project Specific Documents\24H_INSIGHTS\24H_Insights\video_coverage_log\phase_aware_motion_cv_log_output\s3_run\downloaded_videos\cortexvpu-01a-005-41884872_2026-06-19_16-12-44_115306.ts,s3://diageo-prod-global-dashcam-mc-nuc-video/cortexvpu-01a-005-41884872/cortexvpu-01a-005-41884872_2026-06-19_16-12-44_115306.ts,ok,,5,0.5671077504725898,105.8,0.0037807183364481,5.0,0.5675655222864062,273.4,0.9991934467548832,y,52.55,60.0,3153,0.85,,,,,,
y,2026-06-19_16-13-35,2026-06-19_16-15-32,y,typical_motion,cortexvpu-01a-005-41884872_2026-06-19_16-13-35_933333.ts,C:\Users\TimKitchen\OneDrive\OneDrive - PurpleSector\03 Project Specific Documents\24H_INSIGHTS\24H_Insights\video_coverage_log\phase_aware_motion_cv_log_output\s3_run\downloaded_videos\cortexvpu-01a-005-41884872_2026-06-19_16-13-35_933333.ts,s3://diageo-prod-global-dashcam-mc-nuc-video/cortexvpu-01a-005-41884872/cortexvpu-01a-005-41884872_2026-06-19_16-13-35_933333.ts,ok,,9,0.5672268907563025,105.77777777777776,0.0039303123810279,5.0,0.5675655222864062,273.4,0.9994033613445376,y,116.63333333333334,60.0,6998,0.5833333333333334,,,,,,
y,2026-06-19_16-15-30,2026-06-19_16-17-27,y,typical_motion,cortexvpu-01a-005-41884872_2026-06-19_16-15-30_708144.ts,C:\Users\TimKitchen\OneDrive\OneDrive - PurpleSector\03 Project Specific Documents\24H_INSIGHTS\24H_Insights\video_coverage_log\phase_aware_motion_cv_log_output\s3_run\downloaded_videos\cortexvpu-01a-005-41884872_2026-06-19_16-15-30_708144.ts,s3://diageo-prod-global-dashcam-mc-nuc-video/cortexvpu-01a-005-41884872/cortexvpu-01a-005-41884872_2026-06-19_16-15-30_708144.ts,ok,,9,0.5666316894018888,105.88888888888889,0.0210910296348918,5.0,0.5675655222864062,273.4,0.998354669464848,y,116.65,60.0,6999,0.95,,,,,,
y,2026-06-19_16-17-26,2026-06-19_16-19-22,y,typical_motion,cortexvpu-01a-005-41884872_2026-06-19_16-17-26_137634.ts,C:\Users\TimKitchen\OneDrive\OneDrive - PurpleSector\03 Project Specific Documents\24H_INSIGHTS\24H_Insights\video_coverage_log\phase_aware_motion_cv_log_output\s3_run\downloaded_videos\cortexvpu-01a-005-41884872_2026-06-19_16-17-26_137634.ts,s3://diageo-prod-global-dashcam-mc-nuc-video/cortexvpu-01a-005-41884872/cortexvpu-01a-005-41884872_2026-06-19_16-17-26_137634.ts,ok,,9,0.5666316894018888,105.88888888888889,0.0029679193333887,5.0,0.5675655222864062,273.4,0.998354669464848,y,116.63333333333334,60.0,6998,1.2333333333333334,,,,,,
y,2026-06-19_16-19-22,2026-06-19_16-21-18,y,typical_motion,cortexvpu-01a-005-41884872_2026-06-19_16-19-22_138442.ts,C:\Users\TimKitchen\OneDrive\OneDrive - PurpleSector\03 Project Specific Documents\24H_INSIGHTS\24H_Insights\video_coverage_log\phase_aware_motion_cv_log_output\s3_run\downloaded_videos\cortexvpu-01a-005-41884872_2026-06-19_16-19-22_138442.ts,s3://diageo-prod-global-dashcam-mc-nuc-video/cortexvpu-01a-005-41884872/cortexvpu-01a-005-41884872_2026-06-19_16-19-22_138442.ts,ok,,9,0.5666316894018888,105.88888888888889,0.005350492668987,5.0,0.5675655222864062,273.4,0.998354669464848,y,116.61666666666666,60.0,6997,0.2166666666666666,,,,,,
y,2026-06-19_16-21-18,2026-06-19_16-23-14,n,present_no_valid_cycles,cortexvpu-01a-005-41884872_2026-06-19_16-21-18_126241.ts,C:\Users\TimKitchen\OneDrive\OneDrive - PurpleSector\03 Project Specific Documents\24H_INSIGHTS\24H_Insights\video_coverage_log\phase_aware_motion_cv_log_output\s3_run\downloaded_videos\cortexvpu-01a-005-41884872_2026-06-19_16-21-18_126241.ts,s3://diageo-prod-global-dashcam-mc-nuc-video/cortexvpu-01a-005-41884872/cortexvpu-01a-005-41884872_2026-06-19_16-21-18_126241.ts,no_valid_cycles,"found 0 cycle(s), need 2",0,,,,5.0,0.5675655222864062,273.4,,,116.65,60.0,6999,11.266666666666667,C:\Users\TimKitchen\OneDrive\OneDrive - PurpleSector\03 Project Specific Documents\24H_INSIGHTS\24H_Insights\video_coverage_log\phase_aware_motion_cv_log_output\s3_run\stoppage_context_clips\cortexvpu-01a-005-41884872_2026-06-19_16-21-18_126241__context.mp4,,,,,
y,2026-06-19_16-23-14,2026-06-19_16-25-10,y,typical_motion,cortexvpu-01a-005-41884872_2026-06-19_16-23-14_165169.ts,C:\Users\TimKitchen\OneDrive\OneDrive - PurpleSector\03 Project Specific Documents\24H_INSIGHTS\24H_Insights\video_coverage_log\phase_aware_motion_cv_log_output\s3_run\downloaded_videos\cortexvpu-01a-005-41884872_2026-06-19_16-23-14_165169.ts,s3://diageo-prod-global-dashcam-mc-nuc-video/cortexvpu-01a-005-41884872/cortexvpu-01a-005-41884872_2026-06-19_16-23-14_165169.ts,ok,,9,0.5607476635514018,107.0,0.0338404376669741,5.0,0.5675655222864062,273.4,0.9879875389408098,y,116.6,60.0,6996,0.65,,,,,,
y,2026-06-19_16-25-10,2026-06-19_16-26-30,y,typical_motion,cortexvpu-01a-005-41884872_2026-06-19_16-25-10_118811.ts,C:\Users\TimKitchen\OneDrive\OneDrive - PurpleSector\03 Project Specific Documents\24H_INSIGHTS\24H_Insights\video_coverage_log\phase_aware_motion_cv_log_output\s3_run\downloaded_videos\cortexvpu-01a-005-41884872_2026-06-19_16-25-10_118811.ts,s3://diageo-prod-global-dashcam-mc-nuc-video/cortexvpu-01a-005-41884872/cortexvpu-01a-005-41884872_2026-06-19_16-25-10_118811.ts,ok,,9,0.5660377358490566,106.0,0.0559005938190675,5.0,0.5675655222864062,273.4,0.9973081761006288,y,80.36666666666666,60.0,4822,1.1,,,,,,
y,2026-06-19_16-26-30,2026-06-19_16-28-09,y,typical_motion,cortexvpu-01a-005-41884872_2026-06-19_16-26-30_516667.ts,C:\Users\TimKitchen\OneDrive\OneDrive - PurpleSector\03 Project Specific Documents\24H_INSIGHTS\24H_Insights\video_coverage_log\phase_aware_motion_cv_log_output\s3_run\downloaded_videos\cortexvpu-01a-005-41884872_2026-06-19_16-26-30_516667.ts,s3://diageo-prod-global-dashcam-mc-nuc-video/cortexvpu-01a-005-41884872/cortexvpu-01a-005-41884872_2026-06-19_16-26-30_516667.ts,ok,,6,0.5930807248764415,101.16666666666669,0.0641658718087576,5.0,0.5675655222864062,273.4,1.044955518945634,y,99.26666666666668,60.0,5956,0.8,,,,,,
y,2026-06-19_16-28-06,2026-06-19_16-30-03,y,typical_motion,cortexvpu-01a-005-41884872_2026-06-19_16-28-06_933333.ts,C:\Users\TimKitchen\OneDrive\OneDrive - PurpleSector\03 Project Specific Documents\24H_INSIGHTS\24H_Insights\video_coverage_log\phase_aware_motion_cv_log_output\s3_run\downloaded_videos\cortexvpu-01a-005-41884872_2026-06-19_16-28-06_933333.ts,s3://diageo-prod-global-dashcam-mc-nuc-video/cortexvpu-01a-005-41884872/cortexvpu-01a-005-41884872_2026-06-19_16-28-06_933333.ts,ok,,5,0.5555555555555556,108.0,0.049344120719818,5.0,0.5675655222864062,273.4,0.9788395061728394,y,116.6,60.0,6996,0.1166666666666666,,,,,,
y,2026-06-19_16-30-00,2026-06-19_16-30-20,y,typical_motion,cortexvpu-01a-005-41884872_2026-06-19_16-30-00_848926.ts,C:\Users\TimKitchen\OneDrive\OneDrive - PurpleSector\03 Project Specific Documents\24H_INSIGHTS\24H_Insights\video_coverage_log\phase_aware_motion_cv_log_output\s3_run\downloaded_videos\cortexvpu-01a-005-41884872_2026-06-19_16-30-00_848926.ts,s3://diageo-prod-global-dashcam-mc-nuc-video/cortexvpu-01a-005-41884872/cortexvpu-01a-005-41884872_2026-06-19_16-30-00_848926.ts,ok,,9,0.5654450261780104,106.11111111111111,0.0156718633999525,5.0,0.5675655222864062,273.4,0.9962638743455496,y,19.433333333333334,60.0,1166,0.4833333333333333,,,,,,
y,2026-06-19_16-30-19,2026-06-19_16-30-40,y,typical_motion,cortexvpu-01a-005-41884872_2026-06-19_16-30-19_533333.ts,C:\Users\TimKitchen\OneDrive\OneDrive - PurpleSector\03 Project Specific Documents\24H_INSIGHTS\24H_Insights\video_coverage_log\phase_aware_motion_cv_log_output\s3_run\downloaded_videos\cortexvpu-01a-005-41884872_2026-06-19_16-30-19_533333.ts,s3://diageo-prod-global-dashcam-mc-nuc-video/cortexvpu-01a-005-41884872/cortexvpu-01a-005-41884872_2026-06-19_16-30-19_533333.ts,ok,,6,0.5660377358490566,106.0,0.0077027979332077,5.0,0.5675655222864062,273.4,0.9973081761006288,y,21.466666666666665,60.0,1288,1.0,,,,,,
y,2026-06-19_16-30-38,2026-06-19_16-30-51,y,typical_motion,cortexvpu-01a-005-41884872_2026-06-19_16-30-38_933333.ts,C:\Users\TimKitchen\OneDrive\OneDrive - PurpleSector\03 Project Specific Documents\24H_INSIGHTS\24H_Insights\video_coverage_log\phase_aware_motion_cv_log_output\s3_run\downloaded_videos\cortexvpu-01a-005-41884872_2026-06-19_16-30-38_933333.ts,s3://diageo-prod-global-dashcam-mc-nuc-video/cortexvpu-01a-005-41884872/cortexvpu-01a-005-41884872_2026-06-19_16-30-38_933333.ts,ok,,5,0.5671077504725898,105.8,0.0037807183364481,5.0,0.5675655222864062,273.4,0.9991934467548832,y,12.466666666666669,60.0,748,0.0666666666666666,,,,,,
y,2026-06-19_16-30-47,2026-06-19_16-31-17,y,typical_motion,cortexvpu-01a-005-41884872_2026-06-19_16-30-47_933333.ts,C:\Users\TimKitchen\OneDrive\OneDrive - PurpleSector\03 Project Specific Documents\24H_INSIGHTS\24H_Insights\video_coverage_log\phase_aware_motion_cv_log_output\s3_run\downloaded_videos\cortexvpu-01a-005-41884872_2026-06-19_16-30-47_933333.ts,s3://diageo-prod-global-dashcam-mc-nuc-video/cortexvpu-01a-005-41884872/cortexvpu-01a-005-41884872_2026-06-19_16-30-47_933333.ts,ok,,10,0.56657223796034,105.9,0.0028328611897749,5.0,0.5675655222864062,273.4,0.9982499213094114,y,29.5,60.0,1770,1.1166666666666667,,,,,,
y,2026-06-19_16-31-14,2026-06-19_16-31-41,y,typical_motion,cortexvpu-01a-005-41884872_2026-06-19_16-31-14_933333.ts,C:\Users\TimKitchen\OneDrive\OneDrive - PurpleSector\03 Project Specific Documents\24H_INSIGHTS\24H_Insights\video_coverage_log\phase_aware_motion_cv_log_output\s3_run\downloaded_videos\cortexvpu-01a-005-41884872_2026-06-19_16-31-14_933333.ts,s3://diageo-prod-global-dashcam-mc-nuc-video/cortexvpu-01a-005-41884872/cortexvpu-01a-005-41884872_2026-06-19_16-31-14_933333.ts,ok,,9,0.5666316894018888,105.88888888888889,0.0069603878076056,5.0,0.5675655222864062,273.4,0.998354669464848,y,26.53333333333333,60.0,1592,0.65,,,,,,
y,2026-06-19_16-31-38,2026-06-19_16-32-20,y,typical_motion,cortexvpu-01a-005-41884872_2026-06-19_16-31-38_533333.ts,C:\Users\TimKitchen\OneDrive\OneDrive - PurpleSector\03 Project Specific Documents\24H_INSIGHTS\24H_Insights\video_coverage_log\phase_aware_motion_cv_log_output\s3_run\downloaded_videos\cortexvpu-01a-005-41884872_2026-06-19_16-31-38_533333.ts,s3://diageo-prod-global-dashcam-mc-nuc-video/cortexvpu-01a-005-41884872/cortexvpu-01a-005-41884872_2026-06-19_16-31-38_533333.ts,ok,,11,0.5660377358490566,106.0,0.0,5.0,0.5675655222864062,273.4,0.9973081761006288,y,42.13333333333333,60.0,2528,0.0833333333333333,,,,,,
y,2026-06-19_16-32-18,2026-06-19_16-32-41,y,typical_motion,cortexvpu-01a-005-41884872_2026-06-19_16-32-18_000000.ts,C:\Users\TimKitchen\OneDrive\OneDrive - PurpleSector\03 Project Specific Documents\24H_INSIGHTS\24H_Insights\video_coverage_log\phase_aware_motion_cv_log_output\s3_run\downloaded_videos\cortexvpu-01a-005-41884872_2026-06-19_16-32-18_000000.ts,s3://diageo-prod-global-dashcam-mc-nuc-video/cortexvpu-01a-005-41884872/cortexvpu-01a-005-41884872_2026-06-19_16-32-18_000000.ts,ok,,6,0.5660377358490566,106.0,0.0,5.0,0.5675655222864062,273.4,0.9973081761006288,y,23.15,60.0,1389,1.1666666666666667,,,,,,
y,2026-06-19_16-32-38,2026-06-19_16-32-46,y,typical_motion,cortexvpu-01a-005-41884872_2026-06-19_16-32-38_533333.ts,C:\Users\TimKitchen\OneDrive\OneDrive - PurpleSector\03 Project Specific Documents\24H_INSIGHTS\24H_Insights\video_coverage_log\phase_aware_motion_cv_log_output\s3_run\downloaded_videos\cortexvpu-01a-005-41884872_2026-06-19_16-32-38_533333.ts,s3://diageo-prod-global-dashcam-mc-nuc-video/cortexvpu-01a-005-41884872/cortexvpu-01a-005-41884872_2026-06-19_16-32-38_533333.ts,ok,,3,0.5678233438485805,105.66666666666669,0.0044612415216394,5.0,0.5675655222864062,273.4,1.0004542586750789,y,8.166666666666666,60.0,490,0.0833333333333333,,,,,,
y,2026-06-19_16-32-45,2026-06-19_16-32-59,y,typical_motion,cortexvpu-01a-005-41884872_2026-06-19_16-32-45_533333.ts,C:\Users\TimKitchen\OneDrive\OneDrive - PurpleSector\03 Project Specific Documents\24H_INSIGHTS\24H_Insights\video_coverage_log\phase_aware_motion_cv_log_output\s3_run\downloaded_videos\cortexvpu-01a-005-41884872_2026-06-19_16-32-45_533333.ts,s3://diageo-prod-global-dashcam-mc-nuc-video/cortexvpu-01a-005-41884872/cortexvpu-01a-005-41884872_2026-06-19_16-32-45_533333.ts,ok,,6,0.5669291338582677,105.83333333333331,0.0064930797253207,5.0,0.5675655222864062,273.4,0.9988787401574802,y,14.1,60.0,846,0.0833333333333333,,,,,,
y,2026-06-19_16-32-56,2026-06-19_16-33-16,y,typical_motion,cortexvpu-01a-005-41884872_2026-06-19_16-32-56_533333.ts,C:\Users\TimKitchen\OneDrive\OneDrive - PurpleSector\03 Project Specific Documents\24H_INSIGHTS\24H_Insights\video_coverage_log\phase_aware_motion_cv_log_output\s3_run\downloaded_videos\cortexvpu-01a-005-41884872_2026-06-19_16-32-56_533333.ts,s3://diageo-prod-global-dashcam-mc-nuc-video/cortexvpu-01a-005-41884872/cortexvpu-01a-005-41884872_2026-06-19_16-32-56_533333.ts,ok,,6,0.5669291338582677,105.83333333333331,0.0035213668936671,5.0,0.5675655222864062,273.4,0.9988787401574802,y,20.416666666666668,60.0,1225,0.9,,,,,,
y,2026-06-19_16-33-14,2026-06-19_16-35-10,y,typical_motion,cortexvpu-01a-005-41884872_2026-06-19_16-33-14_000000.ts,C:\Users\TimKitchen\OneDrive\OneDrive - PurpleSector\03 Project Specific Documents\24H_INSIGHTS\24H_Insights\video_coverage_log\phase_aware_motion_cv_log_output\s3_run\downloaded_videos\cortexvpu-01a-005-41884872_2026-06-19_16-33-14_000000.ts,s3://diageo-prod-global-dashcam-mc-nuc-video/cortexvpu-01a-005-41884872/cortexvpu-01a-005-41884872_2026-06-19_16-33-14_000000.ts,ok,,13,0.5668604651162791,105.84615384615384,0.0062516898742451,5.0,0.5675655222864062,273.4,0.9987577519379844,y,116.6,60.0,6996,0.0833333333333333,,,,,,
y,2026-06-19_16-35-07,2026-06-19_16-36-52,y,typical_motion,cortexvpu-01a-005-41884872_2026-06-19_16-35-07_110135.ts,C:\Users\TimKitchen\OneDrive\OneDrive - PurpleSector\03 Project Specific Documents\24H_INSIGHTS\24H_Insights\video_coverage_log\phase_aware_motion_cv_log_output\s3_run\downloaded_videos\cortexvpu-01a-005-41884872_2026-06-19_16-35-07_110135.ts,s3://diageo-prod-global-dashcam-mc-nuc-video/cortexvpu-01a-005-41884872/cortexvpu-01a-005-41884872_2026-06-19_16-35-07_110135.ts,ok,,9,0.5672268907563025,105.77777777777776,0.0074275922392842,5.0,0.5675655222864062,273.4,0.9994033613445376,y,105.48333333333332,60.0,6329,0.5166666666666667,,,,,,
y,2026-06-19_16-36-52,2026-06-19_16-37-03,y,typical_motion,cortexvpu-01a-005-41884872_2026-06-19_16-36-52_533333.ts,C:\Users\TimKitchen\OneDrive\OneDrive - PurpleSector\03 Project Specific Documents\24H_INSIGHTS\24H_Insights\video_coverage_log\phase_aware_motion_cv_log_output\s3_run\downloaded_videos\cortexvpu-01a-005-41884872_2026-06-19_16-36-52_533333.ts,s3://diageo-prod-global-dashcam-mc-nuc-video/cortexvpu-01a-005-41884872/cortexvpu-01a-005-41884872_2026-06-19_16-36-52_533333.ts,ok,,4,0.5660377358490566,106.0,0.0,5.0,0.5675655222864062,273.4,0.9973081761006288,y,10.966666666666669,60.0,658,0.0833333333333333,,,,,,
y,2026-06-19_16-37-00,2026-06-19_16-37-24,y,typical_motion,cortexvpu-01a-005-41884872_2026-06-19_16-37-00_533333.ts,C:\Users\TimKitchen\OneDrive\OneDrive - PurpleSector\03 Project Specific Documents\24H_INSIGHTS\24H_Insights\video_coverage_log\phase_aware_motion_cv_log_output\s3_run\downloaded_videos\cortexvpu-01a-005-41884872_2026-06-19_16-37-00_533333.ts,s3://diageo-prod-global-dashcam-mc-nuc-video/cortexvpu-01a-005-41884872/cortexvpu-01a-005-41884872_2026-06-19_16-37-00_533333.ts,ok,,7,0.5675675675675677,105.71428571428572,0.0524769941588214,5.0,0.5675655222864062,273.4,1.0000036036036035,y,23.98333333333333,60.0,1439,0.55,,,,,,
y,2026-06-19_16-37-21,2026-06-19_16-37-54,y,typical_motion,cortexvpu-01a-005-41884872_2026-06-19_16-37-21_933333.ts,C:\Users\TimKitchen\OneDrive\OneDrive - PurpleSector\03 Project Specific Documents\24H_INSIGHTS\24H_Insights\video_coverage_log\phase_aware_motion_cv_log_output\s3_run\downloaded_videos\cortexvpu-01a-005-41884872_2026-06-19_16-37-21_933333.ts,s3://diageo-prod-global-dashcam-mc-nuc-video/cortexvpu-01a-005-41884872/cortexvpu-01a-005-41884872_2026-06-19_16-37-21_933333.ts,ok,,11,0.5679862306368331,105.63636363636364,0.0449979912642947,5.0,0.5675655222864062,273.4,1.0007412507171545,y,33.0,60.0,1980,0.6333333333333333,,,,,,
y,2026-06-19_16-37-51,2026-06-19_16-38-03,y,typical_motion,cortexvpu-01a-005-41884872_2026-06-19_16-37-51_533333.ts,C:\Users\TimKitchen\OneDrive\OneDrive - PurpleSector\03 Project Specific Documents\24H_INSIGHTS\24H_Insights\video_coverage_log\phase_aware_motion_cv_log_output\s3_run\downloaded_videos\cortexvpu-01a-005-41884872_2026-06-19_16-37-51_533333.ts,s3://diageo-prod-global-dashcam-mc-nuc-video/cortexvpu-01a-005-41884872/cortexvpu-01a-005-41884872_2026-06-19_16-37-51_533333.ts,ok,,5,0.5639097744360902,106.4,0.019352688234756,5.0,0.5675655222864062,273.4,0.9935588972431078,y,12.016666666666667,60.0,721,0.55,,,,,,
y,2026-06-19_16-38-00,2026-06-19_16-38-23,y,typical_motion,cortexvpu-01a-005-41884872_2026-06-19_16-38-00_533333.ts,C:\Users\TimKitchen\OneDrive\OneDrive - PurpleSector\03 Project Specific Documents\24H_INSIGHTS\24H_Insights\video_coverage_log\phase_aware_motion_cv_log_output\s3_run\downloaded_videos\cortexvpu-01a-005-41884872_2026-06-19_16-38-00_533333.ts,s3://diageo-prod-global-dashcam-mc-nuc-video/cortexvpu-01a-005-41884872/cortexvpu-01a-005-41884872_2026-06-19_16-38-00_533333.ts,ok,,6,0.5642633228840126,106.33333333333331,0.0415877716655073,5.0,0.5675655222864062,273.4,0.9941818181818182,y,23.08333333333333,60.0,1385,0.3833333333333333,,,,,,
y,2026-06-19_16-38-21,2026-06-19_16-38-28,n,present_no_valid_cycles,cortexvpu-01a-005-41884872_2026-06-19_16-38-21_000000.ts,C:\Users\TimKitchen\OneDrive\OneDrive - PurpleSector\03 Project Specific Documents\24H_INSIGHTS\24H_Insights\video_coverage_log\phase_aware_motion_cv_log_output\s3_run\downloaded_videos\cortexvpu-01a-005-41884872_2026-06-19_16-38-21_000000.ts,s3://diageo-prod-global-dashcam-mc-nuc-video/cortexvpu-01a-005-41884872/cortexvpu-01a-005-41884872_2026-06-19_16-38-21_000000.ts,no_valid_cycles,"found 0 cycle(s), need 2",0,,,,5.0,0.5675655222864062,273.4,,,7.083333333333333,60.0,425,0.1,C:\Users\TimKitchen\OneDrive\OneDrive - PurpleSector\03 Project Specific Documents\24H_INSIGHTS\24H_Insights\video_coverage_log\phase_aware_motion_cv_log_output\s3_run\stoppage_context_clips\cortexvpu-01a-005-41884872_2026-06-19_16-38-21_000000__context.mp4,,,,,
y,2026-06-19_16-38-25,2026-06-19_16-39-36,y,typical_motion,cortexvpu-01a-005-41884872_2026-06-19_16-38-25_000000.ts,C:\Users\TimKitchen\OneDrive\OneDrive - PurpleSector\03 Project Specific Documents\24H_INSIGHTS\24H_Insights\video_coverage_log\phase_aware_motion_cv_log_output\s3_run\downloaded_videos\cortexvpu-01a-005-41884872_2026-06-19_16-38-25_000000.ts,s3://diageo-prod-global-dashcam-mc-nuc-video/cortexvpu-01a-005-41884872/cortexvpu-01a-005-41884872_2026-06-19_16-38-25_000000.ts,ok,,7,0.5675675675675677,105.71428571428572,0.0042733481893763,5.0,0.5675655222864062,273.4,1.0000036036036035,y,71.25,60.0,4275,1.4,,,,,,
y,2026-06-19_16-39-33,2026-06-19_16-41-30,y,typical_motion,cortexvpu-01a-005-41884872_2026-06-19_16-39-33_533333.ts,C:\Users\TimKitchen\OneDrive\OneDrive - PurpleSector\03 Project Specific Documents\24H_INSIGHTS\24H_Insights\video_coverage_log\phase_aware_motion_cv_log_output\s3_run\downloaded_videos\cortexvpu-01a-005-41884872_2026-06-19_16-39-33_533333.ts,s3://diageo-prod-global-dashcam-mc-nuc-video/cortexvpu-01a-005-41884872/cortexvpu-01a-005-41884872_2026-06-19_16-39-33_533333.ts,ok,,8,0.5667060212514758,105.875,0.0099482287757931,5.0,0.5675655222864062,273.4,0.9984856355765448,y,116.68333333333334,60.0,7001,1.1333333333333333,,,,,,
y,2026-06-19_16-41-27,2026-06-19_16-43-23,y,typical_motion,cortexvpu-01a-005-41884872_2026-06-19_16-41-27_204708.ts,C:\Users\TimKitchen\OneDrive\OneDrive - PurpleSector\03 Project Specific Documents\24H_INSIGHTS\24H_Insights\video_coverage_log\phase_aware_motion_cv_log_output\s3_run\downloaded_videos\cortexvpu-01a-005-41884872_2026-06-19_16-41-27_204708.ts,s3://diageo-prod-global-dashcam-mc-nuc-video/cortexvpu-01a-005-41884872/cortexvpu-01a-005-41884872_2026-06-19_16-41-27_204708.ts,ok,,3,0.5660377358490566,106.0,0.0077027979332077,5.0,0.5675655222864062,273.4,0.9973081761006288,y,116.68333333333334,60.0,7001,0.1166666666666666,,,,,,
y,2026-06-19_16-43-23,2026-06-19_16-45-19,y,typical_motion,cortexvpu-01a-005-41884872_2026-06-19_16-43-23_228248.ts,C:\Users\TimKitchen\OneDrive\OneDrive - PurpleSector\03 Project Specific Documents\24H_INSIGHTS\24H_Insights\video_coverage_log\phase_aware_motion_cv_log_output\s3_run\downloaded_videos\cortexvpu-01a-005-41884872_2026-06-19_16-43-23_228248.ts,s3://diageo-prod-global-dashcam-mc-nuc-video/cortexvpu-01a-005-41884872/cortexvpu-01a-005-41884872_2026-06-19_16-43-23_228248.ts,ok,,30,1.978021978021978,30.33333333333333,0.1802331809485277,5.0,0.5675655222864062,273.4,3.485098901098901,n,116.58333333333331,60.0,6995,0.1,,,,,,
y,2026-06-19_16-45-19,2026-06-19_16-47-15,y,typical_motion,cortexvpu-01a-005-41884872_2026-06-19_16-45-19_129732.ts,C:\Users\TimKitchen\OneDrive\OneDrive - PurpleSector\03 Project Specific Documents\24H_INSIGHTS\24H_Insights\video_coverage_log\phase_aware_motion_cv_log_output\s3_run\downloaded_videos\cortexvpu-01a-005-41884872_2026-06-19_16-45-19_129732.ts,s3://diageo-prod-global-dashcam-mc-nuc-video/cortexvpu-01a-005-41884872/cortexvpu-01a-005-41884872_2026-06-19_16-45-19_129732.ts,ok,,9,0.5672268907563025,105.77777777777776,0.0074275922392842,5.0,0.5675655222864062,273.4,0.9994033613445376,y,116.66666666666669,60.0,7000,0.3833333333333333,,,,,,
y,2026-06-19_16-47-15,2026-06-19_16-49-11,n,present_no_valid_cycles,cortexvpu-01a-005-41884872_2026-06-19_16-47-15_190690.ts,C:\Users\TimKitchen\OneDrive\OneDrive - PurpleSector\03 Project Specific Documents\24H_INSIGHTS\24H_Insights\video_coverage_log\phase_aware_motion_cv_log_output\s3_run\downloaded_videos\cortexvpu-01a-005-41884872_2026-06-19_16-47-15_190690.ts,s3://diageo-prod-global-dashcam-mc-nuc-video/cortexvpu-01a-005-41884872/cortexvpu-01a-005-41884872_2026-06-19_16-47-15_190690.ts,no_valid_cycles,"found 0 cycle(s), need 2",0,,,,5.0,0.5675655222864062,273.4,,,116.56666666666666,60.0,6994,0.7,C:\Users\TimKitchen\OneDrive\OneDrive - PurpleSector\03 Project Specific Documents\24H_INSIGHTS\24H_Insights\video_coverage_log\phase_aware_motion_cv_log_output\s3_run\stoppage_context_clips\cortexvpu-01a-005-41884872_2026-06-19_16-47-15_190690__context.mp4,,,,,
y,2026-06-19_16-49-11,2026-06-19_16-50-16,y,typical_motion,cortexvpu-01a-005-41884872_2026-06-19_16-49-11_110740.ts,C:\Users\TimKitchen\OneDrive\OneDrive - PurpleSector\03 Project Specific Documents\24H_INSIGHTS\24H_Insights\video_coverage_log\phase_aware_motion_cv_log_output\s3_run\downloaded_videos\cortexvpu-01a-005-41884872_2026-06-19_16-49-11_110740.ts,s3://diageo-prod-global-dashcam-mc-nuc-video/cortexvpu-01a-005-41884872/cortexvpu-01a-005-41884872_2026-06-19_16-49-11_110740.ts,ok,,9,0.5666316894018888,105.88888888888889,0.008262337748098,5.0,0.5675655222864062,273.4,0.998354669464848,y,65.08333333333333,60.0,3905,0.9666666666666668,,,,,,
y,2026-06-19_16-50-15,2026-06-19_16-52-12,y,typical_motion,cortexvpu-01a-005-41884872_2026-06-19_16-50-15_933333.ts,C:\Users\TimKitchen\OneDrive\OneDrive - PurpleSector\03 Project Specific Documents\24H_INSIGHTS\24H_Insights\video_coverage_log\phase_aware_motion_cv_log_output\s3_run\downloaded_videos\cortexvpu-01a-005-41884872_2026-06-19_16-50-15_933333.ts,s3://diageo-prod-global-dashcam-mc-nuc-video/cortexvpu-01a-005-41884872/cortexvpu-01a-005-41884872_2026-06-19_16-50-15_933333.ts,ok,,13,0.5812220566318927,103.23076923076924,0.0624510487020983,5.0,0.5675655222864062,273.4,1.0240615996025833,y,116.58333333333331,60.0,6995,0.7833333333333333,,,,,,
y,2026-06-19_16-52-09,2026-06-19_16-54-05,y,typical_motion,cortexvpu-01a-005-41884872_2026-06-19_16-52-09_121093.ts,C:\Users\TimKitchen\OneDrive\OneDrive - PurpleSector\03 Project Specific Documents\24H_INSIGHTS\24H_Insights\video_coverage_log\phase_aware_motion_cv_log_output\s3_run\downloaded_videos\cortexvpu-01a-005-41884872_2026-06-19_16-52-09_121093.ts,s3://diageo-prod-global-dashcam-mc-nuc-video/cortexvpu-01a-005-41884872/cortexvpu-01a-005-41884872_2026-06-19_16-52-09_121093.ts,ok,,11,0.5674978503869303,105.72727272727272,0.0042123641320034,5.0,0.5675655222864062,273.4,0.9998807681284034,y,116.66666666666669,60.0,7000,0.9666666666666668,,,,,,
y,2026-06-19_16-54-05,2026-06-19_16-56-01,y,typical_motion,cortexvpu-01a-005-41884872_2026-06-19_16-54-05_219681.ts,C:\Users\TimKitchen\OneDrive\OneDrive - PurpleSector\03 Project Specific Documents\24H_INSIGHTS\24H_Insights\video_coverage_log\phase_aware_motion_cv_log_output\s3_run\downloaded_videos\cortexvpu-01a-005-41884872_2026-06-19_16-54-05_219681.ts,s3://diageo-prod-global-dashcam-mc-nuc-video/cortexvpu-01a-005-41884872/cortexvpu-01a-005-41884872_2026-06-19_16-54-05_219681.ts,ok,,13,0.5668604651162791,105.84615384615384,0.0062516898742451,5.0,0.5675655222864062,273.4,0.9987577519379844,y,116.61666666666666,60.0,6997,0.05,,,,,,
y,2026-06-19_16-56-01,2026-06-19_16-57-57,y,typical_motion,cortexvpu-01a-005-41884872_2026-06-19_16-56-01_171425.ts,C:\Users\TimKitchen\OneDrive\OneDrive - PurpleSector\03 Project Specific Documents\24H_INSIGHTS\24H_Insights\video_coverage_log\phase_aware_motion_cv_log_output\s3_run\downloaded_videos\cortexvpu-01a-005-41884872_2026-06-19_16-56-01_171425.ts,s3://diageo-prod-global-dashcam-mc-nuc-video/cortexvpu-01a-005-41884872/cortexvpu-01a-005-41884872_2026-06-19_16-56-01_171425.ts,ok,,9,0.5666316894018888,105.88888888888889,0.0029679193333887,5.0,0.5675655222864062,273.4,0.998354669464848,y,116.66666666666669,60.0,7000,0.45,,,,,,
y,2026-06-19_16-57-57,2026-06-19_16-59-53,y,typical_motion,cortexvpu-01a-005-41884872_2026-06-19_16-57-57_221328.ts,C:\Users\TimKitchen\OneDrive\OneDrive - PurpleSector\03 Project Specific Documents\24H_INSIGHTS\24H_Insights\video_coverage_log\phase_aware_motion_cv_log_output\s3_run\downloaded_videos\cortexvpu-01a-005-41884872_2026-06-19_16-57-57_221328.ts,s3://diageo-prod-global-dashcam-mc-nuc-video/cortexvpu-01a-005-41884872/cortexvpu-01a-005-41884872_2026-06-19_16-57-57_221328.ts,ok,,9,0.5672268907563025,105.77777777777776,0.0074275922392842,5.0,0.5675655222864062,273.4,0.9994033613445376,y,116.61666666666666,60.0,6997,0.7666666666666667,,,,,,
y,2026-06-19_16-59-53,2026-06-19_17-01-49,y,typical_motion,cortexvpu-01a-005-41884872_2026-06-19_16-59-53_198551.ts,C:\Users\TimKitchen\OneDrive\OneDrive - PurpleSector\03 Project Specific Documents\24H_INSIGHTS\24H_Insights\video_coverage_log\phase_aware_motion_cv_log_output\s3_run\downloaded_videos\cortexvpu-01a-005-41884872_2026-06-19_16-59-53_198551.ts,s3://diageo-prod-global-dashcam-mc-nuc-video/cortexvpu-01a-005-41884872/cortexvpu-01a-005-41884872_2026-06-19_16-59-53_198551.ts,ok,,3,0.5660377358490566,106.0,0.0077027979332077,5.0,0.5675655222864062,273.4,0.9973081761006288,y,116.66666666666669,60.0,7000,1.0166666666666666,,,,,,
y,2026-06-19_17-01-49,2026-06-19_17-03-45,y,typical_motion,cortexvpu-01a-005-41884872_2026-06-19_17-01-49_258663.ts,C:\Users\TimKitchen\OneDrive\OneDrive - PurpleSector\03 Project Specific Documents\24H_INSIGHTS\24H_Insights\video_coverage_log\phase_aware_motion_cv_log_output\s3_run\downloaded_videos\cortexvpu-01a-005-41884872_2026-06-19_17-01-49_258663.ts,s3://diageo-prod-global-dashcam-mc-nuc-video/cortexvpu-01a-005-41884872/cortexvpu-01a-005-41884872_2026-06-19_17-01-49_258663.ts,ok,,13,0.5672727272727273,105.76923076923076,0.005442410744347,5.0,0.5675655222864062,273.4,0.9994841212121212,y,116.63333333333334,60.0,6998,0.05,,,,,,
y,2026-06-19_17-03-45,2026-06-19_17-05-41,y,typical_motion,cortexvpu-01a-005-41884872_2026-06-19_17-03-45_222510.ts,C:\Users\TimKitchen\OneDrive\OneDrive - PurpleSector\03 Project Specific Documents\24H_INSIGHTS\24H_Insights\video_coverage_log\phase_aware_motion_cv_log_output\s3_run\downloaded_videos\cortexvpu-01a-005-41884872_2026-06-19_17-03-45_222510.ts,s3://diageo-prod-global-dashcam-mc-nuc-video/cortexvpu-01a-005-41884872/cortexvpu-01a-005-41884872_2026-06-19_17-03-45_222510.ts,ok,,9,0.5666316894018888,105.88888888888889,0.0029679193333887,5.0,0.5675655222864062,273.4,0.998354669464848,y,116.61666666666666,60.0,6997,0.4333333333333333,,,,,,
y,2026-06-19_17-05-41,2026-06-19_17-07-37,y,typical_motion,cortexvpu-01a-005-41884872_2026-06-19_17-05-41_222190.ts,C:\Users\TimKitchen\OneDrive\OneDrive - PurpleSector\03 Project Specific Documents\24H_INSIGHTS\24H_Insights\video_coverage_log\phase_aware_motion_cv_log_output\s3_run\downloaded_videos\cortexvpu-01a-005-41884872_2026-06-19_17-05-41_222190.ts,s3://diageo-prod-global-dashcam-mc-nuc-video/cortexvpu-01a-005-41884872/cortexvpu-01a-005-41884872_2026-06-19_17-05-41_222190.ts,ok,,9,0.5648535564853556,106.22222222222224,0.0192309375634698,5.0,0.5675655222864062,273.4,0.9952217573221755,y,116.65,60.0,6999,0.8333333333333334,,,,,,
y,2026-06-19_17-07-37,2026-06-19_17-09-33,y,typical_motion,cortexvpu-01a-005-41884872_2026-06-19_17-07-37_254742.ts,C:\Users\TimKitchen\OneDrive\OneDrive - PurpleSector\03 Project Specific Documents\24H_INSIGHTS\24H_Insights\video_coverage_log\phase_aware_motion_cv_log_output\s3_run\downloaded_videos\cortexvpu-01a-005-41884872_2026-06-19_17-07-37_254742.ts,s3://diageo-prod-global-dashcam-mc-nuc-video/cortexvpu-01a-005-41884872/cortexvpu-01a-005-41884872_2026-06-19_17-07-37_254742.ts,ok,,8,0.5667060212514758,105.875,0.0031236733306252,5.0,0.5675655222864062,273.4,0.9984856355765448,y,116.65,60.0,6999,1.25,,,,,,
y,2026-06-19_17-09-33,2026-06-19_17-11-29,n,present_no_valid_cycles,cortexvpu-01a-005-41884872_2026-06-19_17-09-33_266625.ts,C:\Users\TimKitchen\OneDrive\OneDrive - PurpleSector\03 Project Specific Documents\24H_INSIGHTS\24H_Insights\video_coverage_log\phase_aware_motion_cv_log_output\s3_run\downloaded_videos\cortexvpu-01a-005-41884872_2026-06-19_17-09-33_266625.ts,s3://diageo-prod-global-dashcam-mc-nuc-video/cortexvpu-01a-005-41884872/cortexvpu-01a-005-41884872_2026-06-19_17-09-33_266625.ts,no_valid_cycles,"found 0 cycle(s), need 2",0,,,,5.0,0.5675655222864062,273.4,,,116.68333333333334,60.0,7001,7.166666666666667,C:\Users\TimKitchen\OneDrive\OneDrive - PurpleSector\03 Project Specific Documents\24H_INSIGHTS\24H_Insights\video_coverage_log\phase_aware_motion_cv_log_output\s3_run\stoppage_context_clips\cortexvpu-01a-005-41884872_2026-06-19_17-09-33_266625__context.mp4,,,,,
y,2026-06-19_17-11-29,2026-06-19_17-11-35,n,present_no_valid_cycles,cortexvpu-01a-005-41884872_2026-06-19_17-11-29_290251.ts,C:\Users\TimKitchen\OneDrive\OneDrive - PurpleSector\03 Project Specific Documents\24H_INSIGHTS\24H_Insights\video_coverage_log\phase_aware_motion_cv_log_output\s3_run\downloaded_videos\cortexvpu-01a-005-41884872_2026-06-19_17-11-29_290251.ts,s3://diageo-prod-global-dashcam-mc-nuc-video/cortexvpu-01a-005-41884872/cortexvpu-01a-005-41884872_2026-06-19_17-11-29_290251.ts,no_valid_cycles,"found 0 cycle(s), need 2",0,,,,5.0,0.5675655222864062,273.4,,,6.016666666666667,60.0,361,1.0333333333333334,C:\Users\TimKitchen\OneDrive\OneDrive - PurpleSector\03 Project Specific Documents\24H_INSIGHTS\24H_Insights\video_coverage_log\phase_aware_motion_cv_log_output\s3_run\stoppage_context_clips\cortexvpu-01a-005-41884872_2026-06-19_17-11-29_290251__context.mp4,,,,,
y,2026-06-19_17-11-35,2026-06-19_17-12-49,y,typical_motion,cortexvpu-01a-005-41884872_2026-06-19_17-11-35_616667.ts,C:\Users\TimKitchen\OneDrive\OneDrive - PurpleSector\03 Project Specific Documents\24H_INSIGHTS\24H_Insights\video_coverage_log\phase_aware_motion_cv_log_output\s3_run\downloaded_videos\cortexvpu-01a-005-41884872_2026-06-19_17-11-35_616667.ts,s3://diageo-prod-global-dashcam-mc-nuc-video/cortexvpu-01a-005-41884872/cortexvpu-01a-005-41884872_2026-06-19_17-11-35_616667.ts,ok,,3,0.6593406593406593,91.0,0.0538349394012364,5.0,0.5675655222864062,273.4,1.1616996336996337,y,74.08333333333333,60.0,4445,6.166666666666667,,,,,,
y,2026-06-19_17-12-50,2026-06-19_17-13-02,y,typical_motion,cortexvpu-01a-005-41884872_2026-06-19_17-12-50_033333.ts,C:\Users\TimKitchen\OneDrive\OneDrive - PurpleSector\03 Project Specific Documents\24H_INSIGHTS\24H_Insights\video_coverage_log\phase_aware_motion_cv_log_output\s3_run\downloaded_videos\cortexvpu-01a-005-41884872_2026-06-19_17-12-50_033333.ts,s3://diageo-prod-global-dashcam-mc-nuc-video/cortexvpu-01a-005-41884872/cortexvpu-01a-005-41884872_2026-06-19_17-12-50_033333.ts,ok,,4,0.353460972017673,169.75,0.0576259132441785,5.0,0.5675655222864062,273.4,0.6227668139420717,n,12.933333333333334,60.0,776,3.6666666666666665,,,,,,
y,2026-06-19_17-13-05,2026-06-19_17-15-02,y,typical_motion,cortexvpu-01a-005-41884872_2026-06-19_17-13-05_933333.ts,C:\Users\TimKitchen\OneDrive\OneDrive - PurpleSector\03 Project Specific Documents\24H_INSIGHTS\24H_Insights\video_coverage_log\phase_aware_motion_cv_log_output\s3_run\downloaded_videos\cortexvpu-01a-005-41884872_2026-06-19_17-13-05_933333.ts,s3://diageo-prod-global-dashcam-mc-nuc-video/cortexvpu-01a-005-41884872/cortexvpu-01a-005-41884872_2026-06-19_17-13-05_933333.ts,ok,,9,0.5648535564853556,106.22222222222224,0.0250172818890979,5.0,0.5675655222864062,273.4,0.9952217573221755,y,116.58333333333331,60.0,6995,5.266666666666667,,,,,,
y,2026-06-19_17-14-59,2026-06-19_17-16-55,y,typical_motion,cortexvpu-01a-005-41884872_2026-06-19_17-14-59_173218.ts,C:\Users\TimKitchen\OneDrive\OneDrive - PurpleSector\03 Project Specific Documents\24H_INSIGHTS\24H_Insights\video_coverage_log\phase_aware_motion_cv_log_output\s3_run\downloaded_videos\cortexvpu-01a-005-41884872_2026-06-19_17-14-59_173218.ts,s3://diageo-prod-global-dashcam-mc-nuc-video/cortexvpu-01a-005-41884872/cortexvpu-01a-005-41884872_2026-06-19_17-14-59_173218.ts,ok,,11,0.5650684931506849,106.1818181818182,0.0104858293782538,5.0,0.5675655222864062,273.4,0.9956004566210044,y,116.65,60.0,6999,0.4333333333333333,,,,,,
y,2026-06-19_17-16-55,2026-06-19_17-18-51,y,typical_motion,cortexvpu-01a-005-41884872_2026-06-19_17-16-55_270809.ts,C:\Users\TimKitchen\OneDrive\OneDrive - PurpleSector\03 Project Specific Documents\24H_INSIGHTS\24H_Insights\video_coverage_log\phase_aware_motion_cv_log_output\s3_run\downloaded_videos\cortexvpu-01a-005-41884872_2026-06-19_17-16-55_270809.ts,s3://diageo-prod-global-dashcam-mc-nuc-video/cortexvpu-01a-005-41884872/cortexvpu-01a-005-41884872_2026-06-19_17-16-55_270809.ts,ok,,9,0.5666316894018888,105.88888888888889,0.0129368604468221,5.0,0.5675655222864062,273.4,0.998354669464848,y,116.63333333333334,60.0,6998,0.7833333333333333,,,,,,
y,2026-06-19_17-18-51,2026-06-19_17-20-47,y,typical_motion,cortexvpu-01a-005-41884872_2026-06-19_17-18-51_254206.ts,C:\Users\TimKitchen\OneDrive\OneDrive - PurpleSector\03 Project Specific Documents\24H_INSIGHTS\24H_Insights\video_coverage_log\phase_aware_motion_cv_log_output\s3_run\downloaded_videos\cortexvpu-01a-005-41884872_2026-06-19_17-18-51_254206.ts,s3://diageo-prod-global-dashcam-mc-nuc-video/cortexvpu-01a-005-41884872/cortexvpu-01a-005-41884872_2026-06-19_17-18-51_254206.ts,ok,,9,0.5672268907563025,105.77777777777776,0.0039303123810279,5.0,0.5675655222864062,273.4,0.9994033613445376,y,116.6,60.0,6996,1.1666666666666667,,,,,,
y,2026-06-19_17-20-47,2026-06-19_17-22-43,y,typical_motion,cortexvpu-01a-005-41884872_2026-06-19_17-20-47_222404.ts,C:\Users\TimKitchen\OneDrive\OneDrive - PurpleSector\03 Project Specific Documents\24H_INSIGHTS\24H_Insights\video_coverage_log\phase_aware_motion_cv_log_output\s3_run\downloaded_videos\cortexvpu-01a-005-41884872_2026-06-19_17-20-47_222404.ts,s3://diageo-prod-global-dashcam-mc-nuc-video/cortexvpu-01a-005-41884872/cortexvpu-01a-005-41884872_2026-06-19_17-20-47_222404.ts,ok,,6,0.5642633228840126,106.33333333333331,0.0150339546183937,5.0,0.5675655222864062,273.4,0.9941818181818182,y,116.63333333333334,60.0,6998,6.666666666666667,,,,,,
y,2026-06-19_17-22-43,2026-06-19_17-24-39,y,typical_motion,cortexvpu-01a-005-41884872_2026-06-19_17-22-43_254786.ts,C:\Users\TimKitchen\OneDrive\OneDrive - PurpleSector\03 Project Specific Documents\24H_INSIGHTS\24H_Insights\video_coverage_log\phase_aware_motion_cv_log_output\s3_run\downloaded_videos\cortexvpu-01a-005-41884872_2026-06-19_17-22-43_254786.ts,s3://diageo-prod-global-dashcam-mc-nuc-video/cortexvpu-01a-005-41884872/cortexvpu-01a-005-41884872_2026-06-19_17-22-43_254786.ts,ok,,9,0.5660377358490566,106.0,0.0077027979332077,5.0,0.5675655222864062,273.4,0.9973081761006288,y,116.53333333333332,60.0,6992,0.1833333333333333,,,,,,
y,2026-06-19_17-24-39,2026-06-19_17-26-35,n,present_no_valid_cycles,cortexvpu-01a-005-41884872_2026-06-19_17-24-39_157138.ts,C:\Users\TimKitchen\OneDrive\OneDrive - PurpleSector\03 Project Specific Documents\24H_INSIGHTS\24H_Insights\video_coverage_log\phase_aware_motion_cv_log_output\s3_run\downloaded_videos\cortexvpu-01a-005-41884872_2026-06-19_17-24-39_157138.ts,s3://diageo-prod-global-dashcam-mc-nuc-video/cortexvpu-01a-005-41884872/cortexvpu-01a-005-41884872_2026-06-19_17-24-39_157138.ts,no_valid_cycles,"found 0 cycle(s), need 2",0,,,,5.0,0.5675655222864062,273.4,,,116.78333333333332,60.0,7007,14.766666666666667,C:\Users\TimKitchen\OneDrive\OneDrive - PurpleSector\03 Project Specific Documents\24H_INSIGHTS\24H_Insights\video_coverage_log\phase_aware_motion_cv_log_output\s3_run\stoppage_context_clips\cortexvpu-01a-005-41884872_2026-06-19_17-24-39_157138__context.mp4,,,,,
y,2026-06-19_17-26-35,2026-06-19_17-28-27,y,typical_motion,cortexvpu-01a-005-41884872_2026-06-19_17-26-35_394568.ts,C:\Users\TimKitchen\OneDrive\OneDrive - PurpleSector\03 Project Specific Documents\24H_INSIGHTS\24H_Insights\video_coverage_log\phase_aware_motion_cv_log_output\s3_run\downloaded_videos\cortexvpu-01a-005-41884872_2026-06-19_17-26-35_394568.ts,s3://diageo-prod-global-dashcam-mc-nuc-video/cortexvpu-01a-005-41884872/cortexvpu-01a-005-41884872_2026-06-19_17-26-35_394568.ts,ok,,3,0.5642633228840126,106.33333333333331,0.0044332713553598,5.0,0.5675655222864062,273.4,0.9941818181818182,y,112.31666666666666,60.0,6739,15.416666666666666,,,,,,
y,2026-06-19_17-28-30,2026-06-19_17-30-27,y,typical_motion,cortexvpu-01a-005-41884872_2026-06-19_17-28-30_933333.ts,C:\Users\TimKitchen\OneDrive\OneDrive - PurpleSector\03 Project Specific Documents\24H_INSIGHTS\24H_Insights\video_coverage_log\phase_aware_motion_cv_log_output\s3_run\downloaded_videos\cortexvpu-01a-005-41884872_2026-06-19_17-28-30_933333.ts,s3://diageo-prod-global-dashcam-mc-nuc-video/cortexvpu-01a-005-41884872/cortexvpu-01a-005-41884872_2026-06-19_17-28-30_933333.ts,ok,,8,0.5660377358490566,106.0,0.0047169811320309,5.0,0.5675655222864062,273.4,0.9973081761006288,y,116.66666666666669,60.0,7000,4.316666666666666,,,,,,
y,2026-06-19_17-30-24,2026-06-19_17-31-27,n,present_no_valid_cycles,cortexvpu-01a-005-41884872_2026-06-19_17-30-24_298221.ts,C:\Users\TimKitchen\OneDrive\OneDrive - PurpleSector\03 Project Specific Documents\24H_INSIGHTS\24H_Insights\video_coverage_log\phase_aware_motion_cv_log_output\s3_run\downloaded_videos\cortexvpu-01a-005-41884872_2026-06-19_17-30-24_298221.ts,s3://diageo-prod-global-dashcam-mc-nuc-video/cortexvpu-01a-005-41884872/cortexvpu-01a-005-41884872_2026-06-19_17-30-24_298221.ts,no_valid_cycles,"found 0 cycle(s), need 2",0,,,,5.0,0.5675655222864062,273.4,,,63.0,60.0,3780,8.2,C:\Users\TimKitchen\OneDrive\OneDrive - PurpleSector\03 Project Specific Documents\24H_INSIGHTS\24H_Insights\video_coverage_log\phase_aware_motion_cv_log_output\s3_run\stoppage_context_clips\cortexvpu-01a-005-41884872_2026-06-19_17-30-24_298221__context.mp4,,,,,
y,2026-06-19_17-31-26,2026-06-19_17-31-37,n,present_no_valid_cycles,cortexvpu-01a-005-41884872_2026-06-19_17-31-26_650000.ts,C:\Users\TimKitchen\OneDrive\OneDrive - PurpleSector\03 Project Specific Documents\24H_INSIGHTS\24H_Insights\video_coverage_log\phase_aware_motion_cv_log_output\s3_run\downloaded_videos\cortexvpu-01a-005-41884872_2026-06-19_17-31-26_650000.ts,s3://diageo-prod-global-dashcam-mc-nuc-video/cortexvpu-01a-005-41884872/cortexvpu-01a-005-41884872_2026-06-19_17-31-26_650000.ts,no_valid_cycles,"found 0 cycle(s), need 2",0,,,,5.0,0.5675655222864062,273.4,,,11.0,60.0,660,3.783333333333333,C:\Users\TimKitchen\OneDrive\OneDrive - PurpleSector\03 Project Specific Documents\24H_INSIGHTS\24H_Insights\video_coverage_log\phase_aware_motion_cv_log_output\s3_run\stoppage_context_clips\cortexvpu-01a-005-41884872_2026-06-19_17-31-26_650000__context.mp4,,,,,
y,2026-06-19_17-31-37,2026-06-19_17-33-22,y,typical_motion,cortexvpu-01a-005-41884872_2026-06-19_17-31-37_650000.ts,C:\Users\TimKitchen\OneDrive\OneDrive - PurpleSector\03 Project Specific Documents\24H_INSIGHTS\24H_Insights\video_coverage_log\phase_aware_motion_cv_log_output\s3_run\downloaded_videos\cortexvpu-01a-005-41884872_2026-06-19_17-31-37_650000.ts,s3://diageo-prod-global-dashcam-mc-nuc-video/cortexvpu-01a-005-41884872/cortexvpu-01a-005-41884872_2026-06-19_17-31-37_650000.ts,ok,,10,0.5581395348837209,107.5,0.0395212014624193,5.0,0.5675655222864062,273.4,0.9833922480620154,y,105.1,60.0,6306,3.983333333333333,,,,,,
y,2026-06-19_17-33-19,2026-06-19_17-35-16,y,typical_motion,cortexvpu-01a-005-41884872_2026-06-19_17-33-19_933333.ts,C:\Users\TimKitchen\OneDrive\OneDrive - PurpleSector\03 Project Specific Documents\24H_INSIGHTS\24H_Insights\video_coverage_log\phase_aware_motion_cv_log_output\s3_run\downloaded_videos\cortexvpu-01a-005-41884872_2026-06-19_17-33-19_933333.ts,s3://diageo-prod-global-dashcam-mc-nuc-video/cortexvpu-01a-005-41884872/cortexvpu-01a-005-41884872_2026-06-19_17-33-19_933333.ts,ok,,11,0.5665236051502146,105.9090909090909,0.0199097227547359,5.0,0.5675655222864062,273.4,0.9981642346208868,y,116.56666666666666,60.0,6994,0.5,,,,,,
y,2026-06-19_17-35-13,2026-06-19_17-35-42,y,typical_motion,cortexvpu-01a-005-41884872_2026-06-19_17-35-13_190082.ts,C:\Users\TimKitchen\OneDrive\OneDrive - PurpleSector\03 Project Specific Documents\24H_INSIGHTS\24H_Insights\video_coverage_log\phase_aware_motion_cv_log_output\s3_run\downloaded_videos\cortexvpu-01a-005-41884872_2026-06-19_17-35-13_190082.ts,s3://diageo-prod-global-dashcam-mc-nuc-video/cortexvpu-01a-005-41884872/cortexvpu-01a-005-41884872_2026-06-19_17-35-13_190082.ts,ok,,7,0.5668016194331984,105.85714285714286,0.0078690308971527,5.0,0.5675655222864062,273.4,0.9986540710751236,y,29.416666666666668,60.0,1765,1.2333333333333334,,,,,,
y,2026-06-19_17-35-41,2026-06-19_17-37-38,y,typical_motion,cortexvpu-01a-005-41884872_2026-06-19_17-35-41_933333.ts,C:\Users\TimKitchen\OneDrive\OneDrive - PurpleSector\03 Project Specific Documents\24H_INSIGHTS\24H_Insights\video_coverage_log\phase_aware_motion_cv_log_output\s3_run\downloaded_videos\cortexvpu-01a-005-41884872_2026-06-19_17-35-41_933333.ts,s3://diageo-prod-global-dashcam-mc-nuc-video/cortexvpu-01a-005-41884872/cortexvpu-01a-005-41884872_2026-06-19_17-35-41_933333.ts,ok,,9,0.5666316894018888,105.88888888888889,0.0163235563336381,5.0,0.5675655222864062,273.4,0.998354669464848,y,116.58333333333331,60.0,6995,0.7,,,,,,
y,2026-06-19_17-37-36,2026-06-19_17-39-32,y,typical_motion,cortexvpu-01a-005-41884872_2026-06-19_17-37-36_223894.ts,C:\Users\TimKitchen\OneDrive\OneDrive - PurpleSector\03 Project Specific Documents\24H_INSIGHTS\24H_Insights\video_coverage_log\phase_aware_motion_cv_log_output\s3_run\downloaded_videos\cortexvpu-01a-005-41884872_2026-06-19_17-37-36_223894.ts,s3://diageo-prod-global-dashcam-mc-nuc-video/cortexvpu-01a-005-41884872/cortexvpu-01a-005-41884872_2026-06-19_17-37-36_223894.ts,ok,,9,0.5654450261780104,106.11111111111111,0.0093657297486019,5.0,0.5675655222864062,273.4,0.9962638743455496,y,116.66666666666669,60.0,7000,1.0666666666666669,,,,,,
y,2026-06-19_17-39-32,2026-06-19_17-40-13,y,typical_motion,cortexvpu-01a-005-41884872_2026-06-19_17-39-32_294019.ts,C:\Users\TimKitchen\OneDrive\OneDrive - PurpleSector\03 Project Specific Documents\24H_INSIGHTS\24H_Insights\video_coverage_log\phase_aware_motion_cv_log_output\s3_run\downloaded_videos\cortexvpu-01a-005-41884872_2026-06-19_17-39-32_294019.ts,s3://diageo-prod-global-dashcam-mc-nuc-video/cortexvpu-01a-005-41884872/cortexvpu-01a-005-41884872_2026-06-19_17-39-32_294019.ts,ok,,12,0.5669291338582677,105.83333333333331,0.0035213668936671,5.0,0.5675655222864062,273.4,0.9988787401574802,y,41.36666666666667,60.0,2482,0.1333333333333333,,,,,,
y,2026-06-19_17-40-13,2026-06-19_17-40-52,y,typical_motion,cortexvpu-01a-005-41884872_2026-06-19_17-40-13_666667.ts,C:\Users\TimKitchen\OneDrive\OneDrive - PurpleSector\03 Project Specific Documents\24H_INSIGHTS\24H_Insights\video_coverage_log\phase_aware_motion_cv_log_output\s3_run\downloaded_videos\cortexvpu-01a-005-41884872_2026-06-19_17-40-13_666667.ts,s3://diageo-prod-global-dashcam-mc-nuc-video/cortexvpu-01a-005-41884872/cortexvpu-01a-005-41884872_2026-06-19_17-40-13_666667.ts,ok,,11,0.5670103092783505,105.8181818181818,0.0319375090983942,5.0,0.5675655222864062,273.4,0.9990217640320732,y,38.71666666666667,60.0,2323,1.3833333333333333,,,,,,
y,2026-06-19_17-40-49,2026-06-19_17-41-08,y,typical_motion,cortexvpu-01a-005-41884872_2026-06-19_17-40-49_666667.ts,C:\Users\TimKitchen\OneDrive\OneDrive - PurpleSector\03 Project Specific Documents\24H_INSIGHTS\24H_Insights\video_coverage_log\phase_aware_motion_cv_log_output\s3_run\downloaded_videos\cortexvpu-01a-005-41884872_2026-06-19_17-40-49_666667.ts,s3://diageo-prod-global-dashcam-mc-nuc-video/cortexvpu-01a-005-41884872/cortexvpu-01a-005-41884872_2026-06-19_17-40-49_666667.ts,ok,,9,0.5672268907563025,105.77777777777776,0.0298215747194205,5.0,0.5675655222864062,273.4,0.9994033613445376,y,18.73333333333333,60.0,1124,0.6,,,,,,
y,2026-06-19_17-41-05,2026-06-19_17-41-15,y,typical_motion,cortexvpu-01a-005-41884872_2026-06-19_17-41-05_666667.ts,C:\Users\TimKitchen\OneDrive\OneDrive - PurpleSector\03 Project Specific Documents\24H_INSIGHTS\24H_Insights\video_coverage_log\phase_aware_motion_cv_log_output\s3_run\downloaded_videos\cortexvpu-01a-005-41884872_2026-06-19_17-41-05_666667.ts,s3://diageo-prod-global-dashcam-mc-nuc-video/cortexvpu-01a-005-41884872/cortexvpu-01a-005-41884872_2026-06-19_17-41-05_666667.ts,ok,,4,0.5529953917050692,108.5,0.0744492830472562,5.0,0.5675655222864062,273.4,0.9743287250384024,y,9.733333333333333,60.0,584,0.45,,,,,,
y,2026-06-19_17-41-12,2026-06-19_17-41-55,y,typical_motion,cortexvpu-01a-005-41884872_2026-06-19_17-41-12_666667.ts,C:\Users\TimKitchen\OneDrive\OneDrive - PurpleSector\03 Project Specific Documents\24H_INSIGHTS\24H_Insights\video_coverage_log\phase_aware_motion_cv_log_output\s3_run\downloaded_videos\cortexvpu-01a-005-41884872_2026-06-19_17-41-12_666667.ts,s3://diageo-prod-global-dashcam-mc-nuc-video/cortexvpu-01a-005-41884872/cortexvpu-01a-005-41884872_2026-06-19_17-41-12_666667.ts,ok,,12,0.5669291338582677,105.83333333333331,0.0176068344683359,5.0,0.5675655222864062,273.4,0.9988787401574802,y,42.78333333333333,60.0,2567,0.3833333333333333,,,,,,
y,2026-06-19_17-41-52,2026-06-19_17-42-31,y,typical_motion,cortexvpu-01a-005-41884872_2026-06-19_17-41-52_666667.ts,C:\Users\TimKitchen\OneDrive\OneDrive - PurpleSector\03 Project Specific Documents\24H_INSIGHTS\24H_Insights\video_coverage_log\phase_aware_motion_cv_log_output\s3_run\downloaded_videos\cortexvpu-01a-005-41884872_2026-06-19_17-41-52_666667.ts,s3://diageo-prod-global-dashcam-mc-nuc-video/cortexvpu-01a-005-41884872/cortexvpu-01a-005-41884872_2026-06-19_17-41-52_666667.ts,ok,,11,0.5670103092783505,105.8181818181818,0.0036448803153601,5.0,0.5675655222864062,273.4,0.9990217640320732,y,38.81666666666667,60.0,2329,1.1333333333333333,,,,,,
y,2026-06-19_17-42-28,2026-06-19_17-43-52,y,typical_motion,cortexvpu-01a-005-41884872_2026-06-19_17-42-28_666667.ts,C:\Users\TimKitchen\OneDrive\OneDrive - PurpleSector\03 Project Specific Documents\24H_INSIGHTS\24H_Insights\video_coverage_log\phase_aware_motion_cv_log_output\s3_run\downloaded_videos\cortexvpu-01a-005-41884872_2026-06-19_17-42-28_666667.ts,s3://diageo-prod-global-dashcam-mc-nuc-video/cortexvpu-01a-005-41884872/cortexvpu-01a-005-41884872_2026-06-19_17-42-28_666667.ts,ok,,3,0.5660377358490566,106.0,0.02037968773065,5.0,0.5675655222864062,273.4,0.9973081761006288,y,83.88333333333334,60.0,5033,0.5666666666666667,,,,,,
y,2026-06-19_17-43-49,2026-06-19_17-44-28,y,typical_motion,cortexvpu-01a-005-41884872_2026-06-19_17-43-49_666667.ts,C:\Users\TimKitchen\OneDrive\OneDrive - PurpleSector\03 Project Specific Documents\24H_INSIGHTS\24H_Insights\video_coverage_log\phase_aware_motion_cv_log_output\s3_run\downloaded_videos\cortexvpu-01a-005-41884872_2026-06-19_17-43-49_666667.ts,s3://diageo-prod-global-dashcam-mc-nuc-video/cortexvpu-01a-005-41884872/cortexvpu-01a-005-41884872_2026-06-19_17-43-49_666667.ts,ok,,11,0.5560235888795282,107.9090909090909,0.0538120283825554,5.0,0.5675655222864062,273.4,0.979664139286717,y,38.91666666666666,60.0,2335,0.4333333333333333,,,,,,
y,2026-06-19_17-44-25,2026-06-19_17-44-59,n,present_no_valid_cycles,cortexvpu-01a-005-41884872_2026-06-19_17-44-25_666667.ts,C:\Users\TimKitchen\OneDrive\OneDrive - PurpleSector\03 Project Specific Documents\24H_INSIGHTS\24H_Insights\video_coverage_log\phase_aware_motion_cv_log_output\s3_run\downloaded_videos\cortexvpu-01a-005-41884872_2026-06-19_17-44-25_666667.ts,s3://diageo-prod-global-dashcam-mc-nuc-video/cortexvpu-01a-005-41884872/cortexvpu-01a-005-41884872_2026-06-19_17-44-25_666667.ts,no_valid_cycles,"found 0 cycle(s), need 2",0,,,,5.0,0.5675655222864062,273.4,,,33.95,60.0,2037,0.0166666666666666,C:\Users\TimKitchen\OneDrive\OneDrive - PurpleSector\03 Project Specific Documents\24H_INSIGHTS\24H_Insights\video_coverage_log\phase_aware_motion_cv_log_output\s3_run\stoppage_context_clips\cortexvpu-01a-005-41884872_2026-06-19_17-44-25_666667__context.mp4,,,,,
y,2026-06-19_17-44-57,2026-06-19_17-45-03,n,present_no_valid_cycles,cortexvpu-01a-005-41884872_2026-06-19_17-44-57_933333.ts,C:\Users\TimKitchen\OneDrive\OneDrive - PurpleSector\03 Project Specific Documents\24H_INSIGHTS\24H_Insights\video_coverage_log\phase_aware_motion_cv_log_output\s3_run\downloaded_videos\cortexvpu-01a-005-41884872_2026-06-19_17-44-57_933333.ts,s3://diageo-prod-global-dashcam-mc-nuc-video/cortexvpu-01a-005-41884872/cortexvpu-01a-005-41884872_2026-06-19_17-44-57_933333.ts,no_valid_cycles,"found 0 cycle(s), need 2",0,,,,5.0,0.5675655222864062,273.4,,,5.95,60.0,357,2.75,C:\Users\TimKitchen\OneDrive\OneDrive - PurpleSector\03 Project Specific Documents\24H_INSIGHTS\24H_Insights\video_coverage_log\phase_aware_motion_cv_log_output\s3_run\stoppage_context_clips\cortexvpu-01a-005-41884872_2026-06-19_17-44-57_933333__context.mp4,,,,,
y,2026-06-19_17-45-00,2026-06-19_17-45-07,n,present_no_valid_cycles,cortexvpu-01a-005-41884872_2026-06-19_17-45-00_933333.ts,C:\Users\TimKitchen\OneDrive\OneDrive - PurpleSector\03 Project Specific Documents\24H_INSIGHTS\24H_Insights\video_coverage_log\phase_aware_motion_cv_log_output\s3_run\downloaded_videos\cortexvpu-01a-005-41884872_2026-06-19_17-45-00_933333.ts,s3://diageo-prod-global-dashcam-mc-nuc-video/cortexvpu-01a-005-41884872/cortexvpu-01a-005-41884872_2026-06-19_17-45-00_933333.ts,no_valid_cycles,"found 0 cycle(s), need 2",0,,,,5.0,0.5675655222864062,273.4,,,6.966666666666667,60.0,418,1.5,C:\Users\TimKitchen\OneDrive\OneDrive - PurpleSector\03 Project Specific Documents\24H_INSIGHTS\24H_Insights\video_coverage_log\phase_aware_motion_cv_log_output\s3_run\stoppage_context_clips\cortexvpu-01a-005-41884872_2026-06-19_17-45-00_933333__context.mp4,,,,,
y,2026-06-19_17-45-04,2026-06-19_17-45-19,n,present_no_valid_cycles,cortexvpu-01a-005-41884872_2026-06-19_17-45-04_933333.ts,C:\Users\TimKitchen\OneDrive\OneDrive - PurpleSector\03 Project Specific Documents\24H_INSIGHTS\24H_Insights\video_coverage_log\phase_aware_motion_cv_log_output\s3_run\downloaded_videos\cortexvpu-01a-005-41884872_2026-06-19_17-45-04_933333.ts,s3://diageo-prod-global-dashcam-mc-nuc-video/cortexvpu-01a-005-41884872/cortexvpu-01a-005-41884872_2026-06-19_17-45-04_933333.ts,no_valid_cycles,"found 0 cycle(s), need 2",0,,,,5.0,0.5675655222864062,273.4,,,14.966666666666669,60.0,898,1.0,C:\Users\TimKitchen\OneDrive\OneDrive - PurpleSector\03 Project Specific Documents\24H_INSIGHTS\24H_Insights\video_coverage_log\phase_aware_motion_cv_log_output\s3_run\stoppage_context_clips\cortexvpu-01a-005-41884872_2026-06-19_17-45-04_933333__context.mp4,,,,,
n,2026-06-19_17-45-19,2026-06-20_08-00-41,n,camera_off_after_motion_stop,,,s3://diageo-prod-global-dashcam-mc-nuc-video/cortexvpu-01a-005-41884872/cortexvpu-01a-005-41884872_2026-06-19_17-45-04_933333.ts,inferred_camera_off,camera off after previous video ended; gap 51322.0s exceeds 20.0s grace,0,,,,,,,,,51322.0,,0,,,,2026-06-19_17-45-19,cortexvpu-01a-005-41884872_2026-06-19_17-45-04_933333.ts,cortexvpu-01a-005-41884872_2026-06-20_08-00-41_769487.ts,51322.0
y,2026-06-20_08-00-41,2026-06-20_08-02-38,y,typical_motion,cortexvpu-01a-005-41884872_2026-06-20_08-00-41_769487.ts,C:\Users\TimKitchen\OneDrive\OneDrive - PurpleSector\03 Project Specific Documents\24H_INSIGHTS\24H_Insights\video_coverage_log\phase_aware_motion_cv_log_output\s3_run\downloaded_videos\cortexvpu-01a-005-41884872_2026-06-20_08-00-41_769487.ts,s3://diageo-prod-global-dashcam-mc-nuc-video/cortexvpu-01a-005-41884872/cortexvpu-01a-005-41884872_2026-06-20_08-00-41_769487.ts,ok,,9,0.5660377358490566,106.0,0.0062893081760412,5.0,0.5675655222864062,273.4,0.9973081761006288,y,116.6,60.0,6996,0.7,,,,,,
y,2026-06-20_08-02-37,2026-06-20_08-04-34,y,typical_motion,cortexvpu-01a-005-41884872_2026-06-20_08-02-37_756125.ts,C:\Users\TimKitchen\OneDrive\OneDrive - PurpleSector\03 Project Specific Documents\24H_INSIGHTS\24H_Insights\video_coverage_log\phase_aware_motion_cv_log_output\s3_run\downloaded_videos\cortexvpu-01a-005-41884872_2026-06-20_08-02-37_756125.ts,s3://diageo-prod-global-dashcam-mc-nuc-video/cortexvpu-01a-005-41884872/cortexvpu-01a-005-41884872_2026-06-20_08-02-37_756125.ts,ok,,10,0.56657223796034,105.9,0.0142896562325577,5.0,0.5675655222864062,273.4,0.9982499213094114,y,116.65,60.0,6999,1.0,,,,,,
y,2026-06-20_08-04-33,2026-06-20_08-06-30,y,typical_motion,cortexvpu-01a-005-41884872_2026-06-20_08-04-33_804823.ts,C:\Users\TimKitchen\OneDrive\OneDrive - PurpleSector\03 Project Specific Documents\24H_INSIGHTS\24H_Insights\video_coverage_log\phase_aware_motion_cv_log_output\s3_run\downloaded_videos\cortexvpu-01a-005-41884872_2026-06-20_08-04-33_804823.ts,s3://diageo-prod-global-dashcam-mc-nuc-video/cortexvpu-01a-005-41884872/cortexvpu-01a-005-41884872_2026-06-20_08-04-33_804823.ts,ok,,13,0.5660377358490566,106.0,0.0052330207190565,5.0,0.5675655222864062,273.4,0.9973081761006288,y,116.6,60.0,6996,0.0833333333333333,,,,,,
y,2026-06-20_08-06-29,2026-06-20_08-08-26,y,typical_motion,cortexvpu-01a-005-41884872_2026-06-20_08-06-29_740230.ts,C:\Users\TimKitchen\OneDrive\OneDrive - PurpleSector\03 Project Specific Documents\24H_INSIGHTS\24H_Insights\video_coverage_log\phase_aware_motion_cv_log_output\s3_run\downloaded_videos\cortexvpu-01a-005-41884872_2026-06-20_08-06-29_740230.ts,s3://diageo-prod-global-dashcam-mc-nuc-video/cortexvpu-01a-005-41884872/cortexvpu-01a-005-41884872_2026-06-20_08-06-29_740230.ts,ok,,9,0.5666316894018888,105.88888888888889,0.0029679193333887,5.0,0.5675655222864062,273.4,0.998354669464848,y,116.56666666666666,60.0,6994,0.3333333333333333,,,,,,
y,2026-06-20_08-08-25,2026-06-20_08-10-22,y,typical_motion,cortexvpu-01a-005-41884872_2026-06-20_08-08-25_734668.ts,C:\Users\TimKitchen\OneDrive\OneDrive - PurpleSector\03 Project Specific Documents\24H_INSIGHTS\24H_Insights\video_coverage_log\phase_aware_motion_cv_log_output\s3_run\downloaded_videos\cortexvpu-01a-005-41884872_2026-06-20_08-08-25_734668.ts,s3://diageo-prod-global-dashcam-mc-nuc-video/cortexvpu-01a-005-41884872/cortexvpu-01a-005-41884872_2026-06-20_08-08-25_734668.ts,ok,,9,0.5666316894018888,105.88888888888889,0.005350492668987,5.0,0.5675655222864062,273.4,0.998354669464848,y,116.66666666666669,60.0,7000,0.7333333333333333,,,,,,
y,2026-06-20_08-10-21,2026-06-20_08-12-18,y,typical_motion,cortexvpu-01a-005-41884872_2026-06-20_08-10-21_837498.ts,C:\Users\TimKitchen\OneDrive\OneDrive - PurpleSector\03 Project Specific Documents\24H_INSIGHTS\24H_Insights\video_coverage_log\phase_aware_motion_cv_log_output\s3_run\downloaded_videos\cortexvpu-01a-005-41884872_2026-06-20_08-10-21_837498.ts,s3://diageo-prod-global-dashcam-mc-nuc-video/cortexvpu-01a-005-41884872/cortexvpu-01a-005-41884872_2026-06-20_08-10-21_837498.ts,ok,,9,0.5678233438485805,105.66666666666669,0.0133837245649184,5.0,0.5675655222864062,273.4,1.0004542586750789,y,116.63333333333334,60.0,6998,1.1333333333333333,,,,,,
